Team ID,Team Description,,Full Name,,1,,,2,,,3,,,4,,,5,,,6,,,,Pokepaste,EVs,Extracted paste?,Replica Status,Replica Code,,,,,,,,,,,,,,,,
MC409,JoeUX9's Baltimore Regional 2027 Champion Team,,Joseph Ugarte,,,,Salamencite,,,Tyranitarite,,,Focus Sash,,,White Herb,,,Choice Scarf,,,Psychic Seed,,https://pokepast.es/9088ce7f283bf776,No,Extracted,X,None,21 Sep 2026,Baltimore Regional 2027,Champion,https://x.com/JoeUX9/status/2101802284967506082,-,https://victoryroad.pro/2027-baltimore/,JoeUX9,,Salamence-Mega,Tyranitar-Mega,Excadrill,Sneasler,Indeedee,Corviknight,,MC409
MC408,ck49's Baltimore Regional 2027 Runner Up Team,,Aditya Subramanian,,,,Charizardite Y,,,Golisopite,,,Mystic Water,,,Sitrus Berry,,,Light Clay,,,Leftovers,,https://pokepast.es/8fdc2755b3ed6351,No,Extracted,X,None,21 Sep 2026,Baltimore Regional 2027,Runner Up,https://x.com/adisubra/status/2101876760665067946,-,https://victoryroad.pro/2027-baltimore/,adisubra,,Charizard-Mega-Y,Golisopod-Mega,Politoed,Farigiraf,Grimmsnarl,Archaludon,,MC408
MC407,bsmiffy's Baltimore Regional 2027 Top 4 Team,,Brady Smith,,,,Gengarite,,,Passho Berry,,,Sitrus Berry,,,Eject Button,,,Focus Sash,,,Leftovers,,https://pokepast.es/ce2800161014d6d9,No,Extracted,X,None,21 Sep 2026,Baltimore Regional 2027,3rd,https://x.com/vgccorner/status/2101808257278820853,-,https://victoryroad.pro/2027-baltimore/,vgccorner,,Gengar-Mega,Incineroar,Politoed,Rillaboom,Vivillon,Archaludon,,MC407
MC406,Blaik Thompson's Baltimore Regional 2027 Top 4 Team,,Blaik Thompson,,,,Metagrossite,,,Salamencite,,,Focus Sash,,,Leftovers,,,Psychic Seed,,,Choice Scarf,,https://pokepast.es/0f52854ac985dff8,No,Extracted,X,None,21 Sep 2026,Baltimore Regional 2027,4th,No Tweet,-,https://victoryroad.pro/2027-baltimore/,Blaik,,Metagross-Mega,Salamence-Mega,Arcanine-Hisui,Milotic,Sneasler,Indeedee,,MC406
MC405,hamanvgc's Baltimore Regional 2027 Top 8 Team,,hamanvgc,,,,Raichunite Y,,,Staraptite,,,Grassy Seed,,,Sitrus Berry,,,Miracle Seed,,,Life Orb,,https://pokepast.es/470a6ec2468af8a4,Yes,Owner's,✔,X9L10UL8JM,21 Sep 2026,Baltimore Regional 2027,5th,https://x.com/hamanvgc/status/2101749539505885259?s=46,-,https://victoryroad.pro/2027-baltimore/,hamanvgc,,Raichu-Mega-Y,Staraptor-Mega,Ceruledge,Milotic,Rillaboom,Gholdengo,,MC405
MC404,Esa Ishaque's Baltimore Regional 2027 Top 8 Team,,Esa Ishaque,,,,Froslassite,,,Raichunite Y,,,Focus Sash,,,Sitrus Berry,,,White Herb,,,Life Orb,,https://pokepast.es/375969c3f345582f,No,Extracted,X,None,21 Sep 2026,Baltimore Regional 2027,6th,https://x.com/UrsakingVGC/status/2101907355810046161,-,https://victoryroad.pro/2027-baltimore/,UrsakingVGC,,Froslass-Mega,Raichu-Mega-Y,Arcanine-Hisui,Rillaboom,Sneasler,Kingambit,,MC404
MC403,Conner's Baltimore Regional 2027 Top 8 Team,,Conner P.,,,,Raichunite Y,,,Staraptite,,,Focus Sash,,,Miracle Seed,,,Life Orb,,,Fairy Feather,,https://pokepast.es/82a47c7cc134e16f,Yes,Owner's,X,None,21 Sep 2026,Baltimore Regional 2027,7th,https://x.com/conner138382472/status/2101773605591720077?s=46,-,https://victoryroad.pro/2027-baltimore/,conner138382472,,Raichu-Mega-Y,Staraptor-Mega,Arcanine-Hisui,Rillaboom,Gholdengo,Sylveon,,MC403
MC402,Cole Basham's Baltimore Regional 2027 Top 8 Team,,Cole Basham,,,,Delphoxite,,,Floettite,,,Passho Berry,,,Miracle Seed,,,Focus Sash,,,Life Orb,,https://pokepast.es/1dbb80cce0e35047,No,Extracted,X,None,21 Sep 2026,Baltimore Regional 2027,8th,https://x.com/Fluffy_VGC/status/2101810353478729805,-,https://victoryroad.pro/2027-baltimore/,Fluffy_VGC,,Delphox-Mega,Floette-Eternal-Mega,Incineroar,Rillaboom,Sneasler,Kingambit,,MC402
MC401,Dorian Kang's Baltimore Regional 2027 Top 16 Team,,Dorian Kang,,,,Gengarite,,,Staraptite,,,Focus Sash,,,Psychic Seed,,,Rocky Helmet,,,Life Orb,,https://pokepast.es/10cae0577b786f6e,No,Extracted,X,None,21 Sep 2026,Baltimore Regional 2027,9th,https://x.com/SlycedBread/status/2101735973402845232,-,https://victoryroad.pro/2027-baltimore/,SlycedBread,,Gengar-Mega,Staraptor-Mega,Armarouge,Milotic,Indeedee-F,Dragapult,,MC401
MC400,gocinema96's Baltimore Regional 2027 Top 16 Team,,gocinema96,,,,Gengarite,,,Golisopite,,,Passho Berry,,,Sitrus Berry,,,Miracle Seed,,,Leftovers,,https://pokepast.es/2f1c6631010c3644,Yes,Extracted,✔,U9LAHRDYTD,21 Sep 2026,Baltimore Regional 2027,10th,https://x.com/gocinema96/status/2101722826260488676?s=46,-,https://victoryroad.pro/2027-baltimore/,gocinema96,,Gengar-Mega,Golisopod-Mega,Incineroar,Politoed,Rillaboom,Archaludon,,MC400
MC399,BigMikeOG's Baltimore Regional 2027 Top 16 Team,,Michael Spinetta-McCarthy,,,,Aerodactylite,,,Charizardite Y,,,Sitrus Berry,,,Focus Sash,,,Fairy Feather,,,Choice Scarf,,https://pokepast.es/54c13517f563db12,No,Extracted,X,None,21 Sep 2026,Baltimore Regional 2027,11th,https://x.com/gaz_bigmikeog/status/2101782375218766049?s=46,-,https://victoryroad.pro/2027-baltimore/,gaz_bigmikeog,,Aerodactyl-Mega,Charizard-Mega-Y,Farigiraf,Kingambit,Sylveon,Garchomp,,MC399
MC398,Panda's Baltimore Regional 2027 Top 16 Team,,Justin Tang,,,,Delphoxite,,,Floettite,,,Sitrus Berry,,,Focus Sash,,,Colbur Berry,,,Life Orb,,https://pokepast.es/2a58ff9b99dab3a3,No,Extracted,X,None,21 Sep 2026,Baltimore Regional 2027,12th,https://x.com/unironicpanda/status/2101717914244026693,-,https://victoryroad.pro/2027-baltimore/,unironicpanda,,Delphox-Mega,Floette-Eternal-Mega,Incineroar,Sneasler,Sinistcha-Masterpiece,Kingambit,,MC398
MC397,Andres Wilkerson's Baltimore Regional 2027 Top 16 Team,,Andres Wilkerson,,,,Gardevoirite,,,Lopunnite,,,Focus Sash,,,Psychic Seed,,,Colbur Berry,,,Life Orb,,https://pokepast.es/e97cb94d7e8d7678,Yes,Owner's,X,None,21 Sep 2026,Baltimore Regional 2027,13th,https://x.com/HitTheCritty/status/2102058740329349457,-,https://victoryroad.pro/2027-baltimore/,HitTheCritty,,Gardevoir-Mega,Lopunny-Mega,Ceruledge,Sneasler,Indeedee-F,Dragonite,,MC397
MC396,dylanis_chilln's Baltimore Regional 2027 Top 16 Team,,dylanis_chilln,,,,Metagrossite,,,Focus Sash,,,Psychic Seed,,,Rocky Helmet,,,Haban Berry,,,Life Orb,,https://pokepast.es/1a24e07035a9036e,Yes,Owner's,✔,MHD8VN8CXC,21 Sep 2026,Baltimore Regional 2027,16th,https://x.com/dylanis_chilln/status/2101715187644449113?s=46,-,https://victoryroad.pro/2027-baltimore/,dylanis_chilln,,Metagross-Mega,Arcanine-Hisui,Milotic,Indeedee-F,Altaria,Dragapult,,MC396
MC395,brenburkhardt's Baltimore Regional 2027 Top 32 Team,,brenburkhardt,,,,Salamencite,,,Tyranitarite,,,Life Orb,,,Focus Sash,,,Sitrus Berry,,,Leftovers,,https://pokepast.es/7964df3689592688,Yes,Extracted,✔,4EYRS19FTW,21 Sep 2026,Baltimore Regional 2027,17th,https://x.com/brenburkhardt/status/2101761531604062266?s=46,-,https://victoryroad.pro/2027-baltimore/,brenburkhardt,,Salamence-Mega,Tyranitar-Mega,Primarina,Excadrill,Sinistcha,Gholdengo,,MC395
MC394,ChessBoard's Baltimore Regional 2027 Top 32 Team,,Mason Cutler,,,,Gardevoirite,,,Pyroarite,,,Mystic Water,,,Rocky Helmet,,,Focus Sash,,,Life Orb,,https://pokepast.es/f0c719a12f5ca9c7,Yes,Owner's,✔,JTJQ3LCV5K,21 Sep 2026,Baltimore Regional 2027,18th,https://x.com/ChessBoard__/status/2101713480357146737,-,https://victoryroad.pro/2027-baltimore/,ChessBoard__,,Gardevoir-Mega,Pyroar-Mega,Basculegion,Indeedee-F,Whimsicott,Kommo-o,,MC394
MC393,ArKane's Baltimore Regional 2027 Top 32 Team,,Daniel Yu,,,,Metagrossite,,,Focus Sash,,,Psychic Seed,,,Rocky Helmet,,,Haban Berry,,,Life Orb,,https://pokepast.es/ea35d1777f660322,Yes,Extracted,✔,U3JUJFWFD2,21 Sep 2026,Baltimore Regional 2027,20th,https://x.com/ArKaneVGC/status/2101711531046301884,-,https://victoryroad.pro/2027-baltimore/,ArKaneVGC,,Metagross-Mega,Arcanine-Hisui,Milotic,Indeedee-F,Altaria,Dragapult,,MC393
MC392,doughboyvgc's Baltimore Regional 2027 Top 32 Team,,doughboyvgc,,,,Golisopite,,,Salamencite,,,Choice Scarf,,,Focus Sash,,,Expert Belt,,,Leftovers,,https://pokepast.es/9498e26ea89bd49c,Yes,Extracted,✔,NTB3MRCL6U,21 Sep 2026,Baltimore Regional 2027,21st,https://x.com/doughboyvgc/status/2101789266850259233?s=46,-,https://victoryroad.pro/2027-baltimore/,doughboyvgc,,Golisopod-Mega,Salamence-Mega,Basculegion,Pelipper,Rillaboom,Archaludon,,MC392
MC391,willbrown_vgc's Baltimore Regional 2027 Top 32 Team,,willbrown_vgc,,,,Garchompite Z,,,Lucarionite Z,,,Sitrus Berry,,,Life Orb,,,Miracle Seed,,,Grassy Seed,,https://pokepast.es/3ab405a83e618503,Yes,Extracted,✔,VMB354UUA9,22 Sep 2026,Baltimore Regional 2027,28th,https://x.com/willbrown_vgc/status/2102084579817312694?s=46,-,https://victoryroad.pro/2027-baltimore/,willbrown_vgc,,Garchomp-Mega-Z,Lucario-Mega-Z,Incineroar,Basculegion,Rillaboom,Sneasler,,MC391
MC390,Twilite's Baltimore Regional 2027 Top 32 Team,,Kshaunish Shaik,,,,Garchompite Z,,,Raichunite Y,,,Sitrus Berry,,,Miracle Seed,,,Grassy Seed,,,Life Orb,,https://pokepast.es/d41341435d22d77b,Yes,Owner's,✔,6RYX4RDE6Y,21 Sep 2026,Baltimore Regional 2027,32nd,https://x.com/twilite0/status/2101871491792982080?s=46,-,https://victoryroad.pro/2027-baltimore/,twilite0,,Garchomp-Mega-Z,Raichu-Mega-Y,Incineroar,Rillaboom,Sneasler,Gholdengo,,MC390
MC389,spacesnak3's Baltimore Regional 2027 Top 64 Team,,spacesnak3,,,,Charizardite Y,,,Sitrus Berry,,,Wide Lens,,,White Herb,,,Life Orb,,,Focus Sash,,https://pokepast.es/7daa12192d6b54cf,Yes,Extracted,✔,QMNWBAYCNN,21 Sep 2026,Baltimore Regional 2027,37th,https://x.com/spacesnak3/status/2101708605963518084?s=46,-,https://victoryroad.pro/2027-baltimore/,spacesnak3,,Charizard-Mega-Y,Incineroar,Venusaur,Gholdengo,Garchomp,Noivern,,MC389
MC388,zoryavgc's Baltimore Regional 2027 Top 64 Team,,zoryavgc,,,,Froslassite,,,Raichunite Y,,,Focus Sash,,,Miracle Seed,,,White Herb,,,Life Orb,,https://pokepast.es/0bd9b6346f3630a1,Yes,Extracted,✔,2N8VC5HBDL,22 Sep 2026,Baltimore Regional 2027,41st,https://x.com/zoryavgc/status/2102067722863480925?s=46,-,https://victoryroad.pro/2027-baltimore/,zoryavgc,,Froslass-Mega,Raichu-Mega-Y,Arcanine-Hisui,Rillaboom,Sneasler,Kingambit,,MC388
MC387,canadia_tuxedo's Baltimore Regional 2027 Top 64 Team,,canadia_tuxedo,,,,Golisopite,,,Swampertite,,,Sitrus Berry,,,Focus Sash,,,Rocky Helmet,,,Leftovers,,https://pokepast.es/8733c956c7c15dc6,Yes,Extracted,✔,82Y35N5N3L,21 Sep 2026,Baltimore Regional 2027,43rd,https://x.com/canadia_tuxedo/status/2101810798238507345?s=46,-,https://victoryroad.pro/2027-baltimore/,canadia_tuxedo,,Golisopod-Mega,Swampert-Mega,Incineroar,Pelipper,Sinistcha,Archaludon,,MC387
MC386,joej_live's Baltimore Regional 2027 Top 64 Team,,joej_live,,,,Charizardite Y,,,Floettite,,,Sitrus Berry,,,Occa Berry,,,Life Orb,,,Choice Scarf,,https://pokepast.es/dce537b603b784c6,Yes,Extracted,✔,F8Q309DHM7,21 Sep 2026,Baltimore Regional 2027,52nd,https://x.com/joej_live/status/2101706554697236598?s=46,-,https://victoryroad.pro/2027-baltimore/,joej_live,,Charizard-Mega-Y,Floette-Eternal-Mega,Incineroar,Rillaboom,Gholdengo,Garchomp,,MC386
MC385,gufflearts' Baltimore Regional 2027 Top 64 Team,,gufflearts,,,,Raichunite Y,,,Salamencite,,,Focus Sash,,,Leftovers,,,Miracle Seed,,,Life Orb,,https://pokepast.es/d3277b02c40781f3,Yes,Extracted,✔,RLERK0LA50,21 Sep 2026,Baltimore Regional 2027,59th,https://x.com/gufflearts/status/2101834836847501483?s=46,-,https://victoryroad.pro/2027-baltimore/,gufflearts,,Raichu-Mega-Y,Salamence-Mega,Arcanine-Hisui,Milotic,Rillaboom,Gholdengo,,MC385
MC384,Brian's Baltimore Regional 2027 Top 64 Team,,Brian Youm,,,,Raichunite Y,,,Salamencite,,,Sitrus Berry,,,Miracle Seed,,,White Herb,,,Life Orb,,https://pokepast.es/e4aa1030c5e684b4,Yes,Extracted,✔,SYX3QFJ06Y,21 Sep 2026,Baltimore Regional 2027,60th,https://x.com/playmakeryoum/status/2101807236511093180?s=46,-,https://victoryroad.pro/2027-baltimore/,playmakeryoum,,Raichu-Mega-Y,Salamence-Mega,Incineroar,Rillaboom,Sneasler,Gholdengo,,MC384
MC383,Yanagi's Baltimore Regional 2027 Top 128 Team,,Yosuke Takayanagi,,,,Raichunite Y,,,Salamencite,,,Sitrus Berry,,,Miracle Seed,,,Life Orb,,,Leftovers,,https://pokepast.es/270ef42ee47f0369,Yes,Extracted,✔,2J5B4BCSFM,21 Sep 2026,Baltimore Regional 2027,68th,https://x.com/yanagit_poke/status/2101707711427788884?s=46,-,https://victoryroad.pro/2027-baltimore/,yanagit_poke,,Raichu-Mega-Y,Salamence-Mega,Incineroar,Rillaboom,Gholdengo,Kommo-o,,MC383
MC382,sinistchacha's Baltimore Regional 2027 Top 128 Team,,sinistchacha,,,,Salamencite,,,Tyranitarite,,,Sitrus Berry,,,Miracle Seed,,,Grassy Seed,,,Life Orb,,https://pokepast.es/097433efcc505367,Yes,Extracted,✔,9N6D350FMW,22 Sep 2026,Baltimore Regional 2027,69th,https://x.com/sinistchacha/status/2101778231548420373?s=46,-,https://victoryroad.pro/2027-baltimore/,sinistchacha,,Salamence-Mega,Tyranitar-Mega,Milotic,Rillaboom,Sneasler,Gholdengo,,MC382
MC381,misterteshima's Baltimore Regional 2027 Top 128 Team,,misterteshima,,,,Salamencite,,,Focus Sash,,,Miracle Seed,,,Grassy Seed,,,Life Orb,,,Chople Berry,,https://pokepast.es/a8154c05ecfa0e20,Yes,Extracted,✔,FRQSEMR9CD,21 Sep 2026,Baltimore Regional 2027,75th,https://x.com/misterteshima/status/2101822327876923793?s=46,-,https://victoryroad.pro/2027-baltimore/,misterteshima,,Salamence-Mega,Arcanine-Hisui,Rillaboom,Sneasler,Gholdengo,Kingambit,,MC381
MC380,Skraw's Baltimore Regional 2027 Top 128 Team,,Jacob Mortenson,,,,Gardevoirite,,,Salamencite,,,Sitrus Berry,,,Psychic Seed,,,Rocky Helmet,,,Life Orb,,https://pokepast.es/8cc6b2b7139e9db9,Yes,Extracted,✔,2ECEVD4Y18,21 Sep 2026,Baltimore Regional 2027,96th,https://x.com/jacobskraw/status/2101837554395840562?s=46,-,https://victoryroad.pro/2027-baltimore/,jacobskraw,,Gardevoir-Mega,Salamence-Mega,Incineroar,Sneasler,Indeedee-F,Gholdengo,,MC380
MC379,ImageTT7's Baltimore Regional 2027 Top 155 Team,,ImageTT7,,,,Floettite,,,Raichunite Y,,,Sitrus Berry,,,Miracle Seed,,,Grassy Seed,,,Life Orb,,https://pokepast.es/8025f0aef5f2d1b6,Yes,Extracted,✔,17KDDQARA4,21 Sep 2026,Baltimore Regional 2027,134th,https://x.com/ImageTT7/status/2101778208978854289,-,https://victoryroad.pro/2027-baltimore/,ImageTT7,,Floette-Eternal-Mega,Raichu-Mega-Y,Incineroar,Rillaboom,Sneasler,Gholdengo,,MC379
MC378,aricbxxiv's Baltimore Regional 2027 Team,,aricbxxiv,,,,Charizardite Y,,,Golisopite,,,Sitrus Berry,,,Light Clay,,,Leftovers,,,Life Orb,,https://pokepast.es/1e06e1fb09f95133,Yes,Extracted,✔,AMFS8YWTM1,20 Sep 2026,Baltimore Regional 2027,179th,https://x.com/aricbxxiv/status/2101424699515216104?s=46,-,https://victoryroad.pro/2027-baltimore/,aricbxxiv,,Charizard-Mega-Y,Golisopod-Mega,Pelipper,Grimmsnarl,Archaludon,Dragapult,,MC378
MC377,eeveeiynn's Baltimore Regional 2027 Team,,eeveeiynn,,,,Gengarite,,,Sitrus Berry,,,Eject Button,,,Miracle Seed,,,Black Glasses,,,Leftovers,,https://pokepast.es/00c891d2f3287a74,Yes,Owner's,X,None,21 Sep 2026,Baltimore Regional 2027,194th,https://x.com/eeveeiynn/status/2101879767175676120?s=46,-,https://victoryroad.pro/2027-baltimore/,eeveeiynn,,Gengar-Mega,Incineroar,Politoed,Rillaboom,Kingambit,Kommo-o,,MC377
MC376,benguins10's Baltimore Regional 2027 Team,,benguins10,,,,Golisopite,,,Swampertite,,,Life Orb,,,Focus Sash,,,Colbur Berry,,,Leftovers,,https://pokepast.es/06852f6b7710161c,Yes,Owner's,✔,7JJG0PKWNV,20 Sep 2026,Baltimore Regional 2027,241st,Discord Submission,-,https://victoryroad.pro/2027-baltimore/,benguins10,,Golisopod-Mega,Swampert-Mega,Armarouge,Pelipper,Indeedee-F,Archaludon,,MC376
MC375,sunoru's Baltimore Regional 2027 Team,,Si Dawei,,,,Delphoxite,,,Floettite,,,Sitrus Berry,,,Focus Sash,,,Rocky Helmet,,,Colbur Berry,,https://pokepast.es/2ed4943b3afafed1,Yes,Owner's,✔,48M0M221JN,21 Sep 2026,Baltimore Regional 2027,245th,https://x.com/sunoru_sidw/status/2101896370005152197?s=46,-,https://victoryroad.pro/2027-baltimore/,sunoru_sidw,,Delphox-Mega,Floette-Mega,Incineroar,Sneasler,Indeedee-F,Sinistcha-Masterpiece,,MC375
MC374,MaineEvent's Baltimore Regional 2027 Team,,Jermaine Mcleod,,,,Raichunite Y,,,Salamencite,,,Focus Sash,,,Miracle Seed,,,Grassy Seed,,,Life Orb,,https://pokepast.es/bfe773d9cda8999c,Yes,Extracted,✔,GQQ9S7XG43,22 Sep 2026,Baltimore Regional 2027,Top 256,https://x.com/pokemaineevent/status/2102113949667770766?s=46,-,https://victoryroad.pro/2027-baltimore/,pokemaineevent,,Raichu-Mega-Y,Salamence-Mega,Arcanine-Hisui,Rillaboom,Sneasler,Gholdengo,,MC374
MC373,catrachokidd01's Baltimore Regional 2027 Team,,catrachokidd01,,,,Raichunite Y,,,Salamencite,,,Sitrus Berry,,,Miracle Seed,,,Grassy Seed,,,Life Orb,,https://pokepast.es/e01ad4bad0da9ccc,Yes,Extracted,✔,0LR4N19G61,21 Sep 2026,Baltimore Regional 2027,383rd,https://x.com/catrachokidd01/status/2101851481238331708?s=46,-,https://victoryroad.pro/2027-baltimore/,catrachokidd01,,Raichu-Mega-Y,Salamence-Mega,Incineroar,Rillaboom,Sneasler,Gholdengo,,MC373
MC372,seafoamshores' Baltimore Regional 2027 Team,,seafoamshores,,,,Charizardite Y,,,Golisopite,,,Sitrus Berry,,,Light Clay,,,Leftovers,,,Focus Sash,,https://pokepast.es/2b117207f8feb1a5,Yes,Extracted,✔,GA0H1NLJ8J,22 Sep 2026,Baltimore Regional 2027,765th,https://x.com/seafoamshores/status/2102143280892842239?s=46,-,https://victoryroad.pro/2027-baltimore/,seafoamshores,,Charizard-Mega-Y,Golisopod-Mega,Pelipper,Grimmsnarl,Archaludon,Hydreigon,,MC372
MC371,glitchy_potat's Baltimore Regional 2027 Team,,glitchy_potat,,,,Golisopite,,,Salamencite,,,Choice Scarf,,,Sitrus Berry,,,White Herb,,,Leftovers,,https://pokepast.es/3e44cc0d5fba21f8,Yes,Extracted,✔,U5BVXHM6MF,21 Sep 2026,Baltimore Regional 2027,,https://x.com/glitchy_potat/status/2101805976395403494?s=46,-,https://victoryroad.pro/2027-baltimore/,glitchy_potat,,Golisopod-Mega,Salamence-Mega,Basculegion,Pelipper,Sneasler,Archaludon,,MC371
MC370,_hendez_'s Baltimore Regional 2027 Team,,_hendez_,,,,Charizardite Y,,,Garchompite Z,,,Sitrus Berry,,,Miracle Seed,,,Colbur Berry,,,Life Orb,,https://pokepast.es/2d99e9105e5f7a58,Yes,Extracted,✔,DVKP84C1YX,21 Sep 2026,Baltimore Regional 2027,,https://x.com/_hendez_/status/2101777416259506605?s=46,-,https://victoryroad.pro/2027-baltimore/,_hendez_,,Charizard-Mega-Y,Garchomp-Mega-Z,Incineroar,Rillaboom,Farigiraf,Gholdengo,,MC370
MC369,anrivgc's Baltimore Regional 2027 Team,,anrivgc,,,,Floettite,,,Lucarionite Z,,,Sitrus Berry,,,Life Orb,,,Miracle Seed,,,Focus Sash,,https://pokepast.es/de8a417e6e85638a,Yes,Extracted,✔,FCR4RCQEXY,21 Sep 2026,Baltimore Regional 2027,,https://x.com/anrivgc/status/2101695666007212150?s=46,-,https://victoryroad.pro/2027-baltimore/,anrivgc,,Floette-Eternal-Mega,Lucario-Mega-Z,Incineroar,Basculegion,Rillaboom,Aerodactyl,,MC369
MC368,Kaguya's Baltimore Regional 2027 Team,,Blake Falls,,,,Froslassite,,,Mawilite,,,Sitrus Berry,,,Leftovers,,,Focus Sash,,,Life Orb,,https://pokepast.es/06827585de2ad839,Yes,Owner's,✔,VC29B1T07T,21 Sep 2026,Baltimore Regional 2027,,https://x.com/kaguyafalls/status/2101833659640606991?s=46,-,https://victoryroad.pro/2027-baltimore/,kaguyafalls,,Froslass-Mega,Mawile-Mega,Incineroar,Primarina,Pawmot,Farigiraf,,MC368
MC367,astralorautumn's Baltimore Regional 2027 Team,,astralorautumn,,,,Raichunite Y,,,Salamencite,,,Focus Sash,,,Miracle Seed,,,Grassy Seed,,,Life Orb,,https://pokepast.es/dbc606408d738253,Yes,Extracted,✔,647JMM4R7W,20 Sep 2026,Baltimore Regional 2027,,https://x.com/astralorautumn/status/2101428642064515315?s=46,-,https://victoryroad.pro/2027-baltimore/,astralorautumn,,Raichu-Mega-Y,Salamence-Mega,Arcanine-Hisui,Rillaboom,Sneasler,Gholdengo,,MC367
MC366,cbadgg's Baltimore Regional 2027 Team,,cbadgg,,,,Charizardite Y,,,Floettite,,,Chople Berry,,,Focus Sash,,,Life Orb,,,Choice Scarf,,https://pokepast.es/120461d751b66e3a,Yes,Extracted,✔,S9SVTM7MDJ,20 Sep 2026,Baltimore Regional 2027,,https://x.com/cbadgg/status/2101498563381330268?s=46,-,https://victoryroad.pro/2027-baltimore/,cbadgg,,Charizard-Mega-Y,Floette-Eternal-Mega,Incineroar,Whimsicott,Gholdengo,Garchomp,,MC366
MC365,rowan_stavenow's Baltimore Regional 2027 Team,,rowan_stavenow,,,,Charizardite Y,,,Choice Scarf,,,Sitrus Berry,,,Focus Sash,,,Light Clay,,,Leftovers,,https://pokepast.es/3e44a93665f44983,Yes,Extracted,✔,LFGQJFN3TS,20 Sep 2026,Baltimore Regional 2027,,https://x.com/rowan_stavenow/status/2101426926212530373?s=46,-,https://victoryroad.pro/2027-baltimore/,rowan_stavenow,,Charizard-Mega-Y,Basculegion,Pelipper,Venusaur,Grimmsnarl,Archaludon,,MC365
MC364,konnichiwonnor's Baltimore Regional 2027 Team,,konnichiwonnor,,,,Raichunite Y,,,Salamencite,,,Focus Sash,,,Miracle Seed,,,Life Orb,,,Chople Berry,,https://pokepast.es/deb9dac3ff5777d5,Yes,Extracted,✔,RGQUJ0611F,20 Sep 2026,Baltimore Regional 2027,,https://x.com/konnichiwonnor/status/2101438539820937410?s=46,-,https://victoryroad.pro/2027-baltimore/,konnichiwonnor,,Raichu-Mega-Y,Salamence-Mega,Arcanine-Hisui,Rillaboom,Gholdengo,Kingambit,,MC364
MC363,jt_speed's Baltimore Regional 2027 Team,,jt_speed,,,,Lucarionite Z,,,Salamencite,,,Sitrus Berry,,,Choice Scarf,,,Miracle Seed,,,Focus Sash,,https://pokepast.es/a566dfb356531ce8,Yes,Extracted,✔,FDVBT1P6SM,21 Sep 2026,Baltimore Regional 2027,,https://x.com/jt_speed/status/2101870948102152247?s=46,-,https://victoryroad.pro/2027-baltimore/,jt_speed,,Lucario-Mega-Z,Salamence-Mega,Incineroar,Basculegion,Rillaboom,Pawmot,,MC363
MC362,AtrixMJ's Baltimore Regional 2027 Team,,Michael Rogers,,,,Floettite,,,Garchompite Z,,,Passho Berry,,,Life Orb,,,Focus Sash,,,Twisted Spoon,,https://pokepast.es/953deeed6ec8064d,Yes,Extracted,✔,SH9PE4TG4S,21 Sep 2026,Baltimore Regional 2027,,https://x.com/atrixmj/status/2101858913511494050?s=46,-,https://victoryroad.pro/2027-baltimore/,atrixmj,,Floette-Eternal-Mega,Garchomp-Mega-Z,Incineroar,Torkoal,Sneasler,Farigiraf,,MC362
MC361,aboxoftimbits' Baltimore Regional 2027 Team,,Olivia Moledzki,,,,Froslassite,,,Salamencite,,,Choice Scarf,,,Sitrus Berry,,,White Herb,,,Chople Berry,,https://pokepast.es/31b8f7d49cc7e13a,Yes,Extracted,✔,WA181E3AQY,20 Sep 2026,Baltimore Regional 2027,,https://x.com/aboxoftimbits/status/2101635822856319022?s=46,-,https://victoryroad.pro/2027-baltimore/,aboxoftimbits,,Froslass-Mega,Salamence-Mega,Basculegion,Rillaboom,Sneasler,Kingambit,,MC361
MC360,sometimessidd's Showdown Ladder Peak 1st Place Team,,sometimessidd,,,,Blazikenite,,,Meowsticite,,,Charcoal,,,Choice Scarf,,,Colbur Berry,,,Life Orb,,https://pokepast.es/45b92d43eb0a8519,Yes,Owner's,X,None,22 Sep 2026,Showdown Ladder,Peak 1st,https://x.com/sometimessidd/status/2101998115767357579?s=46,-,-,sometimessidd,,Blaziken-Mega,Meowstic-F-Mega,Torkoal,Meowscarada,Indeedee-F,Gholdengo,,MC360
MC359,spy_anya11's Recreation of JoeUX9's Baltimore Regional 2027 Champion Team,,spy_anya11,,,,Salamencite,,,Tyranitarite,,,Focus Sash,,,White Herb,,,Choice Scarf,,,Psychic Seed,,https://pokepast.es/eff6d03dcb9d2c85,Yes,Extracted,✔,KHV4QRC6A3,21 Sep 2026,-,,https://x.com/SPY_Anya11/status/2101901960224063849,https://x.com/tempo777/status/2102004564983439528?s=46&t=ZU5xE6uee8jLQL2BkDlMxg,-,SPY_Anya11,,Salamence-Mega,Tyranitar-Mega,Excadrill,Sneasler,Indeedee,Corviknight,,MC359
MC358,zeen's Recreation of ck49's Baltimore Regional 2027 Runner Up Team,,Shohei Kimura,,,,Charizardite Y,,,Golisopite,,,Mystic Water,,,Sitrus Berry,,,Light Clay,,,Leftovers,,https://pokepast.es/62aa4ef34ee42f01,Yes,Extracted,X,None,21 Sep 2026,-,,https://x.com/zeen172m/status/2102029781932069091?s=46,-,-,zeen172m,,Charizard-Mega-Y,Golisopod-Mega,Politoed,Farigiraf,Grimmsnarl,Archaludon,,MC358
MC357,JoeyPokeaim's Recreation of Mary M.'s Baltimore Regional 2027 Top 8 Team (Seniors),,JoeyPokeaim,,,,Cameruptite,,,Charcoal,,,Focus Sash,,,Choice Scarf,,,Sitrus Berry,,,Life Orb,,https://pokepast.es/2a160038296e67e5,Yes,Extracted,✔,3DPJQY5JCK,22 Sep 2026,Video,,https://x.com/JoeyPokeaim,https://www.youtube.com/watch?v=lXLEmTywpPE,-,JoeyPokeaim,,Camerupt-Mega,Torkoal,Indeedee-F,Squawkabilly,Farigiraf,Hatterene,,MC357
MC356,yuki_mpm's Kurotama Moutain Top 32 Team,,yuki_mpm,,,,Raichunite Y,,,Salamencite,,,Focus Sash,,,Miracle Seed,,,White Herb,,,Life Orb,,https://pokepast.es/ecdecc58b9116d68,Yes,Extracted,✔,T6RDC0HVFE,21 Sep 2026,Kurotama Mountain Tour,Top 32,https://x.com/yuki_mpm/status/2102035358628331566?s=46,-,-,yuki_mpm,,Raichu-Mega-Y,Salamence-Mega,Arcanine-Hisui,Rillaboom,Sneasler,Gholdengo,,MC356
MC355,chiazhengqi's Garchomp-Z Metagross Team,,chiazhengqi,,,,Garchompite Z,,,Metagrossite,,,Life Orb,,,Zoom Lens,,,Miracle Seed,,,Rocky Helmet,,https://pokepast.es/d9fd914e8be2c4c6,Yes,Extracted,✔,G4WXK11NVD,22 Sep 2026,-,,https://x.com/chiazhengqi/status/2102241622465601920?s=46,-,-,chiazhengqi,,Garchomp-Mega-Z,Metagross-Mega,Delphox,Politoed,Rillaboom,Indeedee-F,,MC355
MC354,DidiVGC's VR September Challenge #2 Champion Team,,DidiVGC,,,,Dragoninite,,,Floettite,,,Sitrus Berry,,,Miracle Seed,,,White Herb,,,Life Orb,,https://pokepast.es/c06c65c34f56a094,Yes,Owner's,✔,5YXCVWYRVK,21 Sep 2026,VR September Challenge #2,Champion,https://x.com/DidiVGC/status/2101783204914962600,-,https://victoryroad.pro/vr-sep26-2/,DidiVGC,,Dragonite-Mega,Floette-Mega,Incineroar,Rillaboom,Sneasler,Gholdengo,,MC354
MC353,Louis' VR September Challenge #2 Runner Up Team,,Louis Markl,,,,Floettite,,,Salamencite,,,Rocky Helmet,,,Sitrus Berry,,,Grassy Seed,,,Life Orb,,https://pokepast.es/2843468292efa020,No,Extracted,X,None,20 Sep 2026,VR September Challenge #2,Runner Up,https://x.com/Louisvgc/status/2101638773612183831,-,https://victoryroad.pro/vr-sep26-2/,Louisvgc,,Floette-Eternal-Mega,Salamence-Mega,Incineroar,Rillaboom,Sneasler,Gholdengo,,MC353
MC352,Yvar Vlieger's VR September Challenge #2 Top 4 Team,,Yvar Vlieger,,,,Charizardite Y,,,Meowsticite,,,Psychic Seed,,,Focus Sash,,,Chople Berry,,,Leftovers,,https://pokepast.es/104df22ab26ffa6c,No,Extracted,X,None,20 Sep 2026,VR September Challenge #2,3rd,https://x.com/YvarVGC,-,https://victoryroad.pro/vr-sep26-2/,YvarVGC,,Charizard-Mega-Y,Meowstic-F-Mega,Sneasler,Indeedee,Kingambit,Kommo-o,,MC352
MC351,LenVGC's VR September Challenge #2 Top 4 Team,,Alex Soto,,,,Blastoisinite,,,Delphoxite,,,Focus Sash,,,Rocky Helmet,,,Chople Berry,,,Coba Berry,,https://pokepast.es/5032047ff7d825fd,No,Extracted,X,None,20 Sep 2026,VR September Challenge #2,4th,https://x.com/LenVGC/status/2101637340309413997,-,https://victoryroad.pro/vr-sep26-2/,LenVGC,,Blastoise-Mega,Delphox-Mega,Sneasler,Indeedee-F,Maushold,Sinistcha,,MC351
MC350,Lorenzo Antognoni's VR September Challenge #2 Top 8 Team,,Lorenzo Antognoni,,,,Raichunite Y,,,Salamencite,,,Focus Sash,,,Leftovers,,,Life Orb,,,Grassy Seed,,https://pokepast.es/6853674468737b2e,No,Extracted,X,None,20 Sep 2026,VR September Challenge #2,5th,https://x.com/DubiousBulb1033/status/2101640107463745601,-,https://victoryroad.pro/vr-sep26-2/,DubiousBulb1033,,Raichu-Mega-Y,Salamence-Mega,Arcanine-Hisui,Milotic,Rillaboom,Gholdengo,,MC350
MC349,Vivienne Gafner's VR September Challenge #2 Top 8 Team,,Vivienne Gafner,,,,Gengarite,,,Swampertite,,,Sitrus Berry,,,Focus Sash,,,Choice Scarf,,,Leftovers,,https://pokepast.es/af983ed470815738,No,Extracted,X,None,20 Sep 2026,VR September Challenge #2,6th,https://x.com/Viiv_yay,-,https://victoryroad.pro/vr-sep26-2/,Viiv_yay,,Gengar-Mega,Swampert-Mega,Incineroar,Pelipper,Annihilape,Archaludon,,MC349
MC348,Keishiro Ohashi's VR September Challenge #2 Top 8 Team,,Keishiro Ohashi,,,,Floettite,,,Salamencite,,,Life Orb,,,White Herb,,,Focus Sash,,,Chople Berry,,https://pokepast.es/d668dd98c6c7177b,No,Extracted,X,None,20 Sep 2026,VR September Challenge #2,7th,https://x.com/kisru012345/status/2101627634606375103,-,https://victoryroad.pro/vr-sep26-2/,kisru012345,,Floette-Eternal-Mega,Salamence-Mega,Basculegion,Sneasler,Whimsicott,Kingambit,,MC348
MC347,DaniVGC's VR September Challenge #2 Top 8 Team,,DaniVGC,,,,Garchompite Z,,,Golisopite,,,Choice Scarf,,,Focus Sash,,,Sitrus Berry,,,Leftovers,,https://pokepast.es/6a2b0f5f83d97a24,No,Extracted,X,None,20 Sep 2026,VR September Challenge #2,8th,https://x.com/VgcDani/status/2101626917472350222,-,https://victoryroad.pro/vr-sep26-2/,VgcDani,,Garchomp-Mega-Z,Golisopod-Mega,Basculegion,Pelipper,Farigiraf,Archaludon,,MC347
MC346,Gianmaria Sorbino's VR September Challenge #2 Top 16 Team,,Gianmaria Sorbino,,,,Raichunite Y,,,Staraptite,,,Grassy Seed,,,Life Orb,,,Miracle Seed,,,Fairy Feather,,https://pokepast.es/4836b743a1df1f2c,No,Extracted,X,None,20 Sep 2026,VR September Challenge #2,9th,https://x.com/EdKin_TV,-,https://victoryroad.pro/vr-sep26-2/,EdKin_TV,,Raichu-Mega-Y,Staraptor-Mega,Volcarona,Basculegion,Rillaboom,Sylveon,,MC346
MC345,Hari's VR September Challenge #2 Top 16 Team,,Thomas Gravouille,,,,Floettite,,,Raichunite Y,,,Sitrus Berry,,,Grassy Seed,,,Miracle Seed,,,Life Orb,,https://pokepast.es/be520a6c8cb03827,No,Extracted,X,None,20 Sep 2026,VR September Challenge #2,10th,https://x.com/HariPKMN/status/2101624468464624025,-,https://victoryroad.pro/vr-sep26-2/,HariPKMN,,Floette-Eternal-Mega,Raichu-Mega-Y,Incineroar,Volcarona,Rillaboom,Gholdengo,,MC345
MC344,Tom te Boekhorst's VR September Challenge #2 Top 16 Team,,Tom te Boekhorst,,,,Gardevoirite,,,Lucarionite Z,,,Focus Sash,,,Choice Scarf,,,Psychic Seed,,,Colbur Berry,,https://pokepast.es/e5c3c2d984bc27eb,No,Extracted,X,None,20 Sep 2026,VR September Challenge #2,11th,No Tweet,-,https://victoryroad.pro/vr-sep26-2/,Tom te Boekhorst,,Gardevoir-Mega,Lucario-Mega-Z,Armarouge,Annihilape,Sneasler,Indeedee-F,,MC344
MC343,Minche Chung's VR September Challenge #2 Top 16 Team,,Minche Chung,,,,Gengarite,,,Sitrus Berry,,,Eject Button,,,Chople Berry,,,Choice Scarf,,,Leftovers,,https://pokepast.es/b987727e0339084a,Yes,Owner's,✔,3W8FBWPT7M,20 Sep 2026,VR September Challenge #2,12th,https://x.com/BoredKingKR/status/2101611974715195657,-,https://victoryroad.pro/vr-sep26-2/,BoredKingKR,,Gengar-Mega,Incineroar,Rillaboom,Kingambit,Ninetales-Alola,Kommo-o,,MC343
MC342,Rahim Farzan's VR September Challenge #2 Top 16 Team,,Rahim Farzan,,,,Raichunite Y,,,Staraptite,,,Focus Sash,,,Miracle Seed,,,Life Orb,,,Chople Berry,,https://pokepast.es/1b067b3c97217eaf,No,Extracted,X,None,20 Sep 2026,VR September Challenge #2,13th,https://x.com/PresPres_/status/2101615587151446237,-,https://victoryroad.pro/vr-sep26-2/,PresPres_,,Raichu-Mega-Y,Staraptor-Mega,Arcanine-Hisui,Rillaboom,Gholdengo,Kingambit,,MC342
MC341,DomingoVGC's VR September Challenge #2 Top 32 Team,,Damahni Palmer,,,,Glimmoranite,,,Salamencite,,,Rocky Helmet,,,Life Orb,,,Leftovers,,,Focus Sash,,https://pokepast.es/9e422cab36495fcb,Yes,Extracted,✔,GCXR2RN1CQ,21 Sep 2026,VR September Challenge #2,27th,https://x.com/dmanvgc/status/2101777416054251672?s=46,-,https://victoryroad.pro/vr-sep26-2/,dmanvgc,,Glimmora-Mega,Salamence-Mega,Volcarona,Rillaboom,Hippowdon,Kingambit,,MC341
MC340,vgcluca's Maddo's Cup #12 Champion Team,,vgcluca,,,,Raichunite Y,,,Salamencite,,,Focus Sash,,,Miracle Seed,,,Life Orb,,,Fairy Feather,,https://pokepast.es/ddcf443e371a3a19,Yes,Extracted,✔,B36UQTDY6T,21 Sep 2026,Maddo's Cup #12,Champion,https://x.com/vgcluca/status/2101950169876996338?s=46,-,-,vgcluca,,Raichu-Mega-Y,Salamence-Mega,Arcanine-Hisui,Rillaboom,Gholdengo,Sylveon,,MC340
MC339,cobalt's Salamence Glimmora Team,,Hiroto Kamazawa,,,,Glimmoranite,,,Salamencite,,,Rocky Helmet,,,Miracle Seed,,,Life Orb,,,Chople Berry,,https://pokepast.es/652a6122d64aa2c1,Yes,Extracted,✔,Q6BL3K1NMH,21 Sep 2026,-,,https://x.com/cobalt_poke5861/status/2101825258064056464?s=46,-,-,cobalt_poke5861,,Glimmora-Mega,Salamence-Mega,Volcarona,Rillaboom,Gholdengo,Kingambit,,MC339
MC338,shynessalex's Local Tour Champion Team,,shynessalex,,,,Floettite,,,Salamencite,,,Rocky Helmet,,,Sitrus Berry,,,Grassy Seed,,,Life Orb,,https://pokepast.es/6f1d5b2b15285f2b,Yes,Owner's,✔,K6C22A7L7U,20 Sep 2026,Local Tour,Champion,https://x.com/shynessalex/status/2101502876187005099?s=46,-,-,shynessalex,,Floette-Eternal-Mega,Salamence-Mega,Incineroar,Rillaboom,Sneasler,Gholdengo,,MC338
MC337,drhairychic0's Local Tour Champion Team,,drhairychic0,,,,Raichunite Y,,,Salamencite,,,Focus Sash,,,Grassy Seed,,,Miracle Seed,,,Life Orb,,https://pokepast.es/0e98dddb17860aaa,Yes,Extracted,✔,YKAFKMJ9FE,20 Sep 2026,Local Tour,Champion,https://x.com/drhairychic0/status/2101510877832757491?s=46,-,-,drhairychic0,,Raichu-Mega-Y,Salamence-Mega,Arcanine-Hisui,Primarina,Rillaboom,Gholdengo,,MC337
MC336,Justin's Raichu-Y Salamence Team,,Justin Cerioni,,,,Raichunite Y,,,Salamencite,,,Focus Sash,,,Leftovers,,,Sitrus Berry,,,Life Orb,,https://pokepast.es/5cedf6dd944db220,Yes,Extracted,✔,CUSLJQTRFX,20 Sep 2026,-,,https://x.com/byte_v24/status/2101472159709216787?s=46,-,-,byte_v24,,Raichu-Mega-Y,Salamence-Mega,Arcanine-Hisui,Milotic,Rillaboom,Gholdengo,,MC336
MC335,nagareoo's Garchomp-Z Gengar Perish Team,,nagareoo,,,,Garchompite Z,,,Gengarite,,,Chople Berry,,,Sitrus Berry,,,Iron Ball,,,Leftovers,,https://pokepast.es/25d5f5aae215e08c,Yes,Extracted,X,None,19 Sep 2026,-,,https://x.com/nagareoo/status/2101212892557443477?s=46,-,-,nagareoo,,Garchomp-Mega-Z,Gengar-Mega,Incineroar,Politoed,Rillaboom,Archaludon,,MC335
MC334,punihina1334's Local Tour Champion Team,,punihina1334,,,,Salamencite,,,Tyranitarite,,,Sitrus Berry,,,Occa Berry,,,Focus Sash,,,Life Orb,,https://pokepast.es/98d6e2fba3995368,Yes,Extracted,✔,CQ5CHD0L1B,19 Sep 2026,Local Tour,Champion,https://x.com/punihina1334/status/2101177652807664007?s=46,-,-,punihina1334,,Salamence-Mega,Tyranitar-Mega,Milotic,Rillaboom,Excadrill,Gholdengo,,MC334
MC333,Prncessdiana's Salamence Glimmora Team,,Prncessdiana,,,,Glimmoranite,,,Salamencite,,,Grassy Seed,,,Miracle Seed,,,Focus Sash,,,Sitrus Berry,,https://pokepast.es/1c95ff346ce5b161,Yes,Extracted,✔,K14DMAHNUM,20 Sep 2026,Video,,https://x.com/prncessdianaaa/status/2101432704168534261?s=46,https://www.youtube.com/watch?v=537oeGgrXEo,-,prncessdianaaa,,Glimmora-Mega,Salamence-Mega,Volcarona,Rillaboom,Whimsicott,Farigiraf,,MC333
MC332,MichaelderBeste's Lucario-Z Dragapult Team,,Michael Kelsch,,,,Lucarionite Z,,,Focus Sash,,,Choice Scarf,,,Miracle Seed,,,Sitrus Berry,,,Life Orb,,https://pokepast.es/b960485d27caebf9,Yes,Owner's,✔,7XNGHA3RCK,19 Sep 2026,-,,https://x.com/michaelderbeste/status/2101023502228680972?s=46,-,-,michaelderbeste,,Lucario-Mega-Z,Arcanine-Hisui,Gyarados,Rillaboom,Farigiraf,Dragapult,,MC332
MC331,Genius' Local Tour Top 8 Team,,Giovanni Piscitelli,,,,Charizardite Y,,,Floettite,,,Mystic Water,,,Focus Sash,,,Chople Berry,,,Life Orb,,https://pokepast.es/ffe1c04c186b2453,Yes,Extracted,✔,VAVLW41J1F,20 Sep 2026,Local Tour,Top 8,https://x.com/geniusvgc/status/2101369260878532772?s=46,-,-,geniusvgc,,Charizard-Mega-Y,Floette-Eternal-Mega,Basculegion,Whimsicott,Kingambit,Garchomp,,MC331
MC330,Sahil's Meganium Aegislash Team,,Sahil,,,,Meganiumite,,,Focus Sash,,,White Herb,,,Rocky Helmet,,,Kasib Berry,,,Fairy Feather,,https://pokepast.es/8bffd79270860304,Yes,Extracted,✔,XK0JD6L7WN,19 Sep 2026,-,,https://x.com/shaikhvgc786/status/2101182053572391084?s=46,-,-,shaikhvgc786,,Meganium-Mega,Aerodactyl,Sneasler,Indeedee-F,Aegislash,Sylveon,,MC330
MC329,Sidi I. Haidala's Local Tour Top 4 Team,,Sidi I. Haidala,,,,Froslassite,,,Salamencite,,,Grassy Seed,,,Miracle Seed,,,White Herb,,,Chople Berry,,https://pokepast.es/52e5a54459427098,Yes,Extracted,✔,S4XYHWGKKB,20 Sep 2026,Local Tour,Top 4,https://x.com/mrsidi5/status/2101344219918942253?s=46,-,-,mrsidi5,,Froslass-Mega,Salamence-Mega,Primarina,Rillaboom,Sneasler,Kingambit,,MC329
MC328,U_DonPM's Hammerlocke Challengers #4 Champion Team,,U_DonPM,,,,Absolite Z,,,Sitrus Berry,,,Leftovers,,,Miracle Seed,,,Focus Sash,,,Life Orb,,https://pokepast.es/6e006ee64e68ff6b,Yes,Extracted,✔,KP152ABTM8,19 Sep 2026,Hammerlocke Challengers #4,Champion,https://x.com/don70016112/status/2101311146905256104?s=46,-,https://t.co/r3jeJoYP5c,don70016112,,Absol-Mega-Z,Incineroar,Milotic,Rillaboom,Glimmora,Gholdengo,,MC328
MC327,spy_anya11's Lucario-Z Gengar Team,,spy_anya11,,,,Gengarite,,,Lucarionite Z,,,Passho Berry,,,Sitrus Berry,,,Eject Button,,,Leftovers,,https://pokepast.es/4dd5fcddd90e5ebb,Yes,Extracted,✔,TUANSUXE6G,19 Sep 2026,-,,https://x.com/spy_anya11/status/2101274008012652665?s=46,-,-,spy_anya11,,Gengar-Mega,Lucario-Mega-Z,Incineroar,Politoed,Rillaboom,Archaludon,,MC327
MC326,kayato_vgc's Salamence Aerodactyl Team,,kayato_vgc,,,,Salamencite,,,Expert Belt,,,Life Orb,,,Focus Sash,,,Black Glasses,,,Fairy Feather,,https://pokepast.es/cea79bfa59e2fd6b,Yes,Extracted,✔,HDJWA9QXSQ,18 Sep 2026,-,,https://x.com/kayato_vgc/status/2100960495931183282?s=46,-,-,kayato_vgc,,Salamence-Mega,Blaziken,Rillaboom,Aerodactyl,Kingambit,Sylveon,,MC326
MC325,espertcg's Baltimore Regional Challenge Top 16 Team,,espertcg,,,,Cameruptite,,,Golisopite,,,Twisted Spoon,,,Expert Belt,,,Rocky Helmet,,,Life Orb,,https://pokepast.es/e186eb86a1990ce2,Yes,Extracted,✔,7VRGWMPSR5,19 Sep 2026,Baltimore Regional Challenge,9th,https://x.com/espertcg/status/2101088649677046197?s=46,-,-,espertcg,,Camerupt-Mega,Golisopod-Mega,Armarouge,Sirfetch'd,Indeedee-F,Hatterene,,MC325
MC324,Sahil's Absol-Z Meganium Team,,Sahil,,,,Absolite Z,,,Meganiumite,,,Life Orb,,,Focus Sash,,,Rocky Helmet,,,Fairy Feather,,https://pokepast.es/000dee84b382d990,Yes,Extracted,✔,3KL0V0VR4F,18 Sep 2026,-,,https://x.com/shaikhvgc786/status/2100890641815453992?s=46,-,-,shaikhvgc786,,Absol-Mega-Z,Meganium-Mega,Toxtricity,Aerodactyl,Indeedee-F,Sylveon,,MC324
MC323,toshiniki's Metagross Arboliva Team,,toshiniki,,,,Metagrossite,,,Leftovers,,,Choice Scarf,,,Occa Berry,,,Psychic Seed,,,Rocky Helmet,,https://pokepast.es/93b626e0c928be89,Yes,Extracted,✔,DS9NB5HHWV,18 Sep 2026,-,,https://x.com/toshi_kyogre/status/2100784814878245214?s=46,-,-,toshi_kyogre,,Metagross-Mega,Volcarona,Basculegion,Arboliva,Sneasler,Indeedee-F,,MC323
MC322,lj_darkrai's Blaziken Vanilluxe Team,,lj_darkrai,,,,Blazikenite,,,Charcoal,,,Life Orb,,,Choice Scarf,,,Sitrus Berry,,,Focus Sash,,https://pokepast.es/817ae21505e679f7,Yes,Extracted,✔,7PS435Q34B,18 Sep 2026,-,,https://x.com/lj_darkrai/status/2100697433726443964?s=46,-,-,lj_darkrai,,Blaziken-Mega,Torkoal,Rillaboom,Vanilluxe,Farigiraf,Kingambit,,MC322
MC321,pokebrosvgc's Talon's Fight Club #102 Champion Team,,pokebrosvgc,,,,Raichunite Y,,,Salamencite,,,Sitrus Berry,,,Miracle Seed,,,White Herb,,,Life Orb,,https://pokepast.es/d6b2f01ddf4fee52,Yes,Extracted,✔,0WFEL7DA5P,18 Sep 2026,Talon's Fight Club #102,Champion,https://x.com/pokebrosvgc/status/2100812643355488420?s=46,-,-,pokebrosvgc,,Raichu-Mega-Y,Salamence-Mega,Incineroar,Rillaboom,Sneasler,Gholdengo,,MC321
MC320,carlosmalaraza's Salamence Metagross Team,,carlosmalaraza,,,,Metagrossite,,,Salamencite,,,Focus Sash,,,Choice Scarf,,,Occa Berry,,,Never-Melt Ice,,https://pokepast.es/5670ef4b16449cc0,Yes,Extracted,✔,6D92FFVNH4,18 Sep 2026,-,,https://x.com/carlosmalaraza/status/2100639971459711281?s=46,-,-,carlosmalaraza,,Metagross-Mega,Salamence-Mega,Blaziken,Basculegion,Kingambit,Ninetales-Alola,,MC320
MC319,Wowyang's Salamence Floette Team,,Fang Yu-Yang,,,,Floettite,,,Salamencite,,,Sitrus Berry,,,Leftovers,,,Miracle Seed,,,Life Orb,,https://pokepast.es/f22e21bb4d824590,Yes,Extracted,✔,900RXJ1XNS,17 Sep 2026,-,,https://x.com/wowyang4/status/2100598279893647651?s=46,-,-,wowyang4,,Floette-Eternal-Mega,Salamence-Mega,Incineroar,Blastoise,Rillaboom,Kingambit,,MC319
MC318,cona's Garchomp-Z Psyspam Team,,Hiroshi Onishi,,,,Garchompite Z,,,Life Orb,,,Choice Scarf,,,Miracle Seed,,,White Herb,,,Psychic Seed,,https://pokepast.es/2dfbf9f89dfbd0bb,Yes,Extracted,✔,4W8RLPR6A8,18 Sep 2026,-,,https://x.com/cona_5757/status/2100833138138316817?s=46,-,-,cona_5757,,Garchomp-Mega-Z,Delphox,Basculegion,Rillaboom,Sneasler,Indeedee-F,,MC318
MC317,barudoru's Absol-Z Metagross Team,,Ryota Otsubo,,,,Absolite Z,,,Metagrossite,,,Life Orb,,,Focus Sash,,,Choice Scarf,,,Rocky Helmet,,https://pokepast.es/199745ed6f3b10ed,Yes,Extracted,✔,P52T1BTFR6,17 Sep 2026,-,,https://x.com/barudoru/status/2100583725549719727?s=46,-,-,barudoru,,Absol-Mega-Z,Metagross-Mega,Armarouge,Glimmora,Vanilluxe,Indeedee-F,,MC317
MC316,mallekoenig's Charizard-Y Alakazam Team,,mallekoenig,,,,Alakazite,,,Charizardite Y,,,White Herb,,,Psychic Seed,,,Focus Sash,,,Choice Scarf,,https://pokepast.es/a50416450094f382,Yes,Extracted,✔,PYW7V3TJRU,17 Sep 2026,-,,https://x.com/mallekoenig/status/2100612372511477996?s=46,-,-,mallekoenig,,Alakazam-Mega,Charizard-Mega-Y,Sneasler,Indeedee-F,Kingambit,Ninetales-Alola,,MC316
MC315,m6hn67's Raichu-Y Staraptor Team,,m6hn67,,,,Raichunite Y,,,Staraptite,,,Miracle Seed,,,Focus Sash,,,Life Orb,,,Fairy Feather,,https://pokepast.es/6f9bc8dfb52d4e49,Yes,Extracted,✔,SGYDB95UJS,18 Sep 2026,-,,https://x.com/m6hn67/status/2100621468367487020?s=46,-,-,m6hn67,,Raichu-Mega-Y,Staraptor-Mega,Rillaboom,Glimmora,Gholdengo,Sylveon,,MC315
MC314,v1nzvgc's Gengar Altaria Perish Team,,v1nzvgc,,,,Gengarite,,,Passho Berry,,,Sitrus Berry,,,Eject Button,,,Roseli Berry,,,Leftovers,,https://pokepast.es/ab47ccee10152485,Yes,Owner's,✔,Q233CRT930,18 Sep 2026,Video,,https://x.com/v1nzvgc/status/2100630104409768426?s=46&t=N_lc1PNh9dFN-PflIB4w3w,https://youtu.be/P7S5Dt8LLwY?is=4kthJiFmg1kKscq8,-,v1nzvgc,,Gengar-Mega,Incineroar,Toxapex,Rillaboom,Sableye,Altaria,,MC314
MC313,0ohiruneo0's Swampert Sneasler Rain Team,,0ohiruneo0,,,,Swampertite,,,Sitrus Berry,,,White Herb,,,Rocky Helmet,,,Psychic Seed,,,Leftovers,,https://pokepast.es/553b3b47d153ffac,Yes,Extracted,X,None,15 Sep 2026,-,,https://x.com/0ohiruneo0/status/2099626077132062898?s=46,-,-,0ohiruneo0,,Swampert-Mega,Pelipper,Sneasler,Indeedee-F,Gholdengo,Archaludon,,MC313
MC312,PhoNoodle's Recreation of MichaelderBeste's VR September Challenge Champion Team,,PhoNoodle,,,,Raichunite Y,,,Staraptite,,,Focus Sash,,,Miracle Seed,,,Life Orb,,,Fairy Feather,,https://pokepast.es/56f0a0120cd736e5,Yes,Extracted,✔,MF65CRMSM1,17 Sep 2026,-,,https://x.com/mrphonoodle/status/2100511152832737306?s=46,-,-,mrphonoodle,,Raichu-Mega-Y,Staraptor-Mega,Arcanine-Hisui,Rillaboom,Gholdengo,Sylveon,,MC312
MC311,PokeReplaysVGC's Salamence Tailroom Team,,Adam Wright,,,,Salamencite,,,Focus Sash,,,Miracle Seed,,,Sitrus Berry,,,Chople Berry,,,Fairy Feather,,https://pokepast.es/f85133bac58b317f,Yes,Owner's,✔,JTKX5HBSR0,17 Sep 2026,-,,https://x.com/pokereplaysvgc/status/2100545866482229650?s=46,-,-,pokereplaysvgc,,Salamence-Mega,Arcanine-Hisui,Rillaboom,Farigiraf,Kingambit,Sylveon,,MC311
MC310,a__poke_'s Froslass Scovillain Team,,a__poke_,,,,Froslassite,,,Scovillainite,,,Sitrus Berry,,,Focus Sash,,,White Herb,,,Life Orb,,https://pokepast.es/ad1f1ac5d6f8b357,Yes,Extracted,X,None,16 Sep 2026,-,,https://x.com/a__poke_/status/2100232399791812612?s=46,-,-,a__poke_,,Froslass-Mega,Scovillain-Mega,Basculegion,Lycanroc-Dusk,Sneasler,Kingambit,,MC310
MC309,Prncessdiana's Garchomp-Z Golisopod Team,,Prncessdiana,,,,Garchompite Z,,,Golisopite,,,Leftovers,,,Sitrus Berry,,,Life Orb,,,Light Clay,,https://pokepast.es/565006700c23dcd1,Yes,Extracted,✔,UQFC5CF03Y,16 Sep 2026,-,,https://x.com/prncessdianaaa/status/2100343665801752733?s=46,-,-,prncessdianaaa,,Garchomp-Mega-Z,Golisopod-Mega,Milotic,Farigiraf,Gholdengo,Grimmsnarl,,MC309
MC308,BrokenLegge's Golisopod Manectric Team,,BrokenLegge,,,,Golisopite,,,Manectite,,,Focus Sash,,,Occa Berry,,,Sitrus Berry,,,Leftovers,,https://pokepast.es/e39a17eb6c42b52c,Yes,Extracted,✔,4S8YALQGXQ,16 Sep 2026,-,,https://x.com/brokenlegge/status/2100358048997130620?s=46,-,-,brokenlegge,,Golisopod-Mega,Manectric-Mega,Pelipper,Rillaboom,Farigiraf,Archaludon,,MC308
MC307,vwoul's Metagross Dragonite Team,,vwoul,,,,Dragoninite,,,Metagrossite,,,Life Orb,,,Focus Sash,,,Rocky Helmet,,,Choice Scarf,,https://pokepast.es/82234c4e23692a6e,Yes,Extracted,✔,6BANCV9JKM,16 Sep 2026,-,,https://x.com/vwoul/status/2100170980400209956?s=46,-,-,vwoul,,Dragonite-Mega,Metagross-Mega,Basculegion,Pelipper,Indeedee-F,Archaludon,,MC307
MC306,WyatVGC's Local Challenge Top 4 Team,,Wyatt McDonald,,,,Floettite,,,Salamencite,,,Rocky Helmet,,,Sitrus Berry,,,Grassy Seed,,,Life Orb,,https://pokepast.es/37083bbe99a1bf42,Yes,Extracted,✔,239LDM2XVV,16 Sep 2026,Local Tour,Top 4,https://x.com/wyatvgc/status/2100270641954038124?s=46,-,-,wyatvgc,,Floette-Eternal-Mega,Salamence-Mega,Incineroar,Rillaboom,Sneasler,Gholdengo,,MC306
MC305,Dot1Q's Alpensee Tour #75 Top 4 Team,,Christian De Nicolo,,,,Dragoninite,,,Leftovers,,,Charcoal,,,Choice Scarf,,,Wide Lens,,,Life Orb,,https://pokepast.es/6d07d29ba74350d1,Yes,Extracted,✔,RK5QF9YU11,16 Sep 2026,Alpensee Tour #75,4th,https://x.com/dot1q_vgc/status/2100358835105870182?s=46,-,https://play.limitlesstcg.com/tournament/6a7f3faa5a3071409557018f/standings,dot1q_vgc,,Dragonite-Mega,Armarouge,Torkoal,Annihilape,Maushold-Four,Kingambit,,MC305
MC304,Kokoro's Salamence Sylveon Team,,Bingjie Wang,,,,Salamencite,,,Choice Scarf,,,Focus Sash,,,Sitrus Berry,,,Chople Berry,,,Life Orb,,https://pokepast.es/25161f401c0a2005,Yes,Extracted,✔,1PGH7W0ST9,16 Sep 2026,-,,https://x.com/aotobj98/status/2100386133352054924?s=46,-,-,aotobj98,,Salamence-Mega,Basculegion,Tyranitar,Farigiraf,Kingambit,Sylveon,,MC304
MC303,Viera's Absol-Z Lucario-Z Team,,Shoma Honami,,,,Absolite Z,,,Lucarionite Z,,,Life Orb,,,Focus Sash,,,Hard Stone,,,Fairy Feather,,https://pokepast.es/a0aec76f5727c83a,Yes,Extracted,✔,0E971GCPE2,16 Sep 2026,Video,,https://x.com/SHADEviera/status/2100158913727590690,https://www.youtube.com/watch?v=LQvopZ92k1I,-,SHADEviera,,Absol-Mega-Z,Lucario-Mega-Z,Basculegion,Tsareena,Aerodactyl,Sylveon,,MC303
MC302,mikesenza's Glalie Pawmot Team,,mikesenza,,,,Glalitite,,,Focus Sash,,,Choice Scarf,,,Leppa Berry,,,Sitrus Berry,,I,Normal Gem,,https://pokepast.es/6b780a0274f90959,Yes,Extracted,✔,0YFJBS02J5,16 Sep 2026,Video,,https://x.com/mikesenza/status/2099708343887581333?s=46,https://youtu.be/XheWGpPO03Q?si=6lb_1J0-jM-W1iJc,-,mikesenza,,Glalie-Mega,Arcanine-Hisui,Basculegion,Pawmot,Medicham,Noivern,,MC302
MC301,Ste's VR September Challenge Top 64 Team,,Stefano Greppi,,,,Charizardite Y,,,Rocky Helmet,,,Miracle Seed,,,Sitrus Berry,,,Fairy Feather,,,Choice Scarf,,https://pokepast.es/0d18f72df8bd8d92,Yes,Extracted,✔,J4JDGYG5NG,16 Sep 2026,VR September Challenge,40th,https://x.com/ssteccaa/status/2100268811471466585?s=46,-,https://victoryroad.pro/vr-sep26/,ssteccaa,,Charizard-Mega-Y,Incineroar,Rillaboom,Farigiraf,Sylveon,Garchomp,,MC301
MC300,Lexicon's Salamence Froslass Team,,Alex Underhill,,,,Froslassite,,,Salamencite,,,Focus Sash,,,Sitrus Berry,,,Grassy Seed,,,Chople Berry,,https://pokepast.es/f6c343c1f47903cc,Yes,Extracted,✔,9KQTH4GY85,16 Sep 2026,-,,https://x.com/lexiconvgc/status/2100306554646073541?s=46,-,-,lexiconvgc,,Froslass-Mega,Salamence-Mega,Arcanine-Hisui,Rillaboom,Sneasler,Kingambit,,MC300
MC299,MichaelderBeste's Absol-Z Empoleon Team,,Michael Kelsch,,,,Absolite Z,,,Focus Sash,,,Life Orb,,,Choice Scarf,,,Psychic Seed,,,Rocky Helmet,,https://pokepast.es/b3e468f45c3c9ebb,Yes,Owner's,✔,V9L9NVYJNK,16 Sep 2026,Video,,https://x.com/michaelderbeste/status/2100261026276987186?s=46,https://www.youtube.com/watch?v=sq4LqUd60HE,-,michaelderbeste,,Absol-Mega-Z,Armarouge,Empoleon,Rotom-Mow,Sneasler,Indeedee-F,,MC299
MC298,joserockzvgc's Absol-Z Charizard-Y Team,,joserockzvgc,,,,Absolite Z,,,Charizardite Y,,,Charcoal,,,Focus Sash,,,Rocky Helmet,,,Life Orb,,https://pokepast.es/eb4962af8162ecf3,Yes,Owner's,✔,TX94C8E6QY,16 Sep 2026,Video,,https://x.com/joserockzvgc/status/2099896603146338452?s=46&t=WmXEnVa3rTSw0P9A0n6S3Q,https://www.youtube.com/watch?v=2cbSO41gDRQ,-,joserockzvgc,,Absol-Mega-Z,Charizard-Mega-Y,Torkoal,Venusaur,Indeedee-F,Hatterene,,MC298
MC297,joserockzvgc's Garchomp-Z Mawile Team,,joserockzvgc,,,,Garchompite Z,,,Mawilite,,,Focus Sash,,,Sitrus Berry,,,Psychic Seed,,,Colbur Berry,,https://pokepast.es/31945882c8d00260,Yes,Owner's,✔,1D6WTK4CVH,16 Sep 2026,Video,,https://x.com/joserockzvgc/status/2099896603146338452?s=46&t=WmXEnVa3rTSw0P9A0n6S3Q,https://www.youtube.com/watch?v=2cbSO41gDRQ,-,joserockzvgc,,Garchomp-Mega-Z,Mawile-Mega,Armarouge,Milotic,Sneasler,Indeedee-F,,MC297
MC296,joserockzvgc's Salamence Floette Team,,joserockzvgc,,,,Floettite,,,Salamencite,,,Sitrus Berry,,,Choice Scarf,,,Miracle Seed,,,Life Orb,,https://pokepast.es/8606abba447d2e2e,Yes,Owner's,✔,8CTP4G2M3Q,16 Sep 2026,Video,,https://x.com/joserockzvgc/status/2099896603146338452?s=46&t=WmXEnVa3rTSw0P9A0n6S3Q,https://www.youtube.com/watch?v=2cbSO41gDRQ,-,joserockzvgc,,Floette-Mega,Salamence-Mega,Incineroar,Basculegion,Rillaboom,Gholdengo,,MC296
MC295,joserockzvgc's Lucario-Z Charizard-Y Team,,joserockzvgc,,,,Charizardite Y,,,Lucarionite Z,,,Choice Scarf,,,Sitrus Berry,,,Rocky Helmet,,,Life Orb,,https://pokepast.es/181b08493e5a2472,Yes,Owner's,✔,TF8RHQB04K,16 Sep 2026,Video,,https://x.com/joserockzvgc/status/2099896603146338452?s=46&t=WmXEnVa3rTSw0P9A0n6S3Q,https://www.youtube.com/watch?v=2cbSO41gDRQ,-,joserockzvgc,,Charizard-Mega-Y,Lucario-Mega-Z,Basculegion,Clefable,Indeedee-F,Garchomp,,MC295
MC294,joserockzvgc's Baxcalibur Tyranitar Team,,joserockzvgc,,,,Baxcalibrite,,,Tyranitarite,,,Focus Sash,,,Leftovers,,,Sitrus Berry,,,Life Orb,,https://pokepast.es/ee07bfede4b559fc,Yes,Owner's,✔,GQX98HLKF4,16 Sep 2026,Video,,https://x.com/joserockzvgc/status/2099896603146338452?s=46&t=WmXEnVa3rTSw0P9A0n6S3Q,https://www.youtube.com/watch?v=2cbSO41gDRQ,-,joserockzvgc,,Baxcalibur-Mega,Tyranitar-Mega,Arcanine-Hisui,Milotic,Rillaboom,Excadrill,,MC294
MC293,joserockzvgc's Golisopod Swampert Team,,joserockzvgc,,,,Golisopite,,,Swampertite,,,Focus Sash,,,Choice Scarf,,,Colbur Berry,,,Leftovers,,https://pokepast.es/1a095a99b8efa791,Yes,Owner's,✔,IMUR6TYA84,16 Sep 2026,Video,,https://x.com/joserockzvgc/status/2099896603146338452?s=46&t=WmXEnVa3rTSw0P9A0n6S3Q,https://www.youtube.com/watch?v=2cbSO41gDRQ,-,joserockzvgc,,Golisopod-Mega,Swampert-Mega,Pelipper,Annihilape,Indeedee-F,Archaludon,,MC293
MC292,DjSanders' Gardevoir Golisopod Team,,DjSanders,,,,Gardevoirite,,,Golisopite,,,Life Orb,,,Sitrus Berry,,,Psychic Seed,,,Rocky Helmet,,https://pokepast.es/d52fbc5f7a7d6390,Yes,Extracted,✔,BS25SGLRE5,16 Sep 2026,-,,Discord Submission,-,-,DjSanders,,Gardevoir-Mega,Golisopod-Mega,Armarouge,Pelipper,Sneasler,Indeedee-F,,MC292
MC291,VGCLuca's VGC UmbreNews #32 Champion Team,,VGCLuca,,,,Gardevoirite,,,Salamencite,,,Life Orb,,,Rocky Helmet,,,Focus Sash,,,Chople Berry,,https://pokepast.es/ef695b289a42dfa3,No,Extracted,X,None,16 Sep 2026,VGC UmbreNews #32,Champion,https://x.com/VGCLuca/status/2100148309939675627,-,-,VGCLuca,,Gardevoir-Mega,Salamence-Mega,Typhlosion-Hisui,Indeedee-F,Whimsicott,Kingambit,,MC291
MC290,tukibiya_moeru's Golisopod Meowstic Team,,tukibiya_moeru,,,,Golisopite,,,Meowsticite,,,Focus Sash,,,White Herb,,,Psychic Seed,,,Sitrus Berry,,https://pokepast.es/7fdea4aeb3c244c7,Yes,Extracted,✔,495UNG4R21,16 Sep 2026,-,,https://x.com/tukibiya_moeru/status/2100164727314002008?s=46,-,-,tukibiya_moeru,,Golisopod-Mega,Meowstic-F-Mega,Armarouge,Cinderace,Sneasler,Indeedee-F,,MC290
MC289,zeen's Salamence Kingambit Team,,Shohei Kimura,,,,Salamencite,,,Focus Sash,,,Sitrus Berry,,,Grassy Seed,,,Life Orb,,,Chople Berry,,https://pokepast.es/fd6fe5bb94a024fb,Yes,Extracted,✔,LUVHWWVKFX,16 Sep 2026,-,,https://x.com/zeen172m/status/2100170279192564139?s=46,-,-,zeen172m,,Salamence-Mega,Arcanine-Hisui,Rillaboom,Sneasler,Gholdengo,Kingambit,,MC289
MC288,4milkfang's Salamence Froslass Team,,4milkfang,,,,Froslassite,,,Salamencite,,,Leftovers,,,Life Orb,,,Focus Sash,,,Black Glasses,,https://pokepast.es/11b159014240dc52,Yes,Extracted,✔,GMAWTS6D40,16 Sep 2026,-,,https://x.com/4milkfang/status/2100150668405416425?s=46,-,-,4milkfang,,Froslass-Mega,Salamence-Mega,Milotic,Rillaboom,Sneasler,Kingambit,,MC288
MC287,WoodTofu's Golisopod Blastoise Team,,WoodTofu,,,,Blastoisinite,,,Golisopite,,,Focus Sash,,,Charcoal,,,Colbur Berry,,,Occa Berry,,https://pokepast.es/f46d41e3a61aef4e,Yes,Extracted,✔,LP70GFVN3A,16 Sep 2026,-,,https://x.com/woodtofuvgc/status/2100143557449523628?s=46,-,-,woodtofuvgc,,Blastoise-Mega,Golisopod-Mega,Armarouge,Torkoal,Indeedee-F,Sinistcha,,MC287
MC286,oshio_pokemon's Salamence Pyroar Team,,oshio_pokemon,,,,Pyroarite,,,Salamencite,,,Leftovers,,,Miracle Seed,,,Life Orb,,,Choice Scarf,,https://pokepast.es/0bdce0e34fab1ba0,Yes,Extracted,✔,98C2FYKDTA,15 Sep 2026,-,,https://x.com/oshio_pokemon/status/2099839043307782514?s=46,-,-,oshio_pokemon,,Pyroar-Mega,Salamence-Mega,Milotic,Rillaboom,Gholdengo,Hydreigon,,MC286
MC285,humidori's Salamence Absol-Z Team,,humidori,,,,Absolite Z,,,Salamencite,,,Life Orb,,,White Herb,,,Rocky Helmet,,,Chople Berry,,https://pokepast.es/472a153c121df28d,Yes,Extracted,✔,SYNQAHRAS2,16 Sep 2026,-,,https://x.com/humidori/status/2100077496876310621,-,-,humidori,,Absol-Mega-Z,Salamence-Mega,Armarouge,Sneasler,Indeedee-F,Kingambit,,MC285
MC284,Kinugawa's Salamence Glimmora Team,,Yuma Kinugawa,,,,Glimmoranite,,,Salamencite,,,Rocky Helmet,,,Life Orb,,,Miracle Seed,,,Focus Sash,,https://pokepast.es/348d665e808bb457,Yes,Extracted,X,None,12 Sep 2026,Video,,https://x.com/kinurincipall/status/2098481224574763024?s=20,https://www.youtube.com/live/Vba6QKxtWXA?si=5rSCZyzleakAycq5,-,kinurincipall,,Glimmora-Mega,Salamence-Mega,Volcarona,Basculegion,Rillaboom,Kingambit,,MC284
MC283,Danyul_YT's Raichu-Y Floette Team,,Danyul_YT,,,,Floettite,,,Raichunite Y,,,Chople Berry,,,Miracle Seed,,,Choice Scarf,,,Life Orb,,https://pokepast.es/be30055fe03e4b61,Yes,Extracted,✔,F8Q1B39XCP,16 Sep 2026,-,,https://x.com/Danyul_YT/status/2100062256562155774?s=20,-,-,Danyul_YT,,Floette-Eternal-Mega,Raichu-Mega-Y,Incineroar,Rillaboom,Gholdengo,Baxcalibur,,MC283
MC282,Peter's Salamence Dragapult Team,,Peter Chen,,,,Raichunite Y,,,Salamencite,,,Sitrus Berry,,,Leek,,,Life Orb,,,Focus Sash,,https://pokepast.es/fd093606ea61b654,Yes,Extracted,✔,86F1HSTUG4,16 Sep 2026,-,,https://x.com/MrPTPablo/status/2099628578841481256?s=20,-,-,MrPTPablo,,Raichu-Mega-Y,Salamence-Mega,Incineroar,Sirfetch'd,Gholdengo,Dragapult,,MC282
MC281,JustLatroy's Golisopod Grapploct Team,,JustLatroy,,,,Golisopite,,,Twisted Spoon,,,Expert Belt,,,Psychic Seed,,,Chople Berry,,,Life Orb,,https://pokepast.es/dde321ca13816fcb,Yes,Extracted,✔,2LCHE26J77,16 Sep 2026,-,,https://x.com/JustLatroy/status/2100029073640559019?s=20,-,-,JustLatroy,,Golisopod-Mega,Armarouge,Grapploct,Indeedee-F,Perrserker,Hatterene,,MC281
MC280,spy_anya11's Recreation of y0ssh1_pkmn's Tera Square Offline Meetup #2 Champion Team,,spy_anya11,,,,Salamencite,,,Tyranitarite,,,Sitrus Berry,,,Miracle Seed,,,Focus Sash,,,Grassy Seed,,https://pokepast.es/145f31732b5aa73b,Yes,Extracted,✔,085MDPDKDD,16 Sep 2026,-,,https://x.com/spy_anya11/status/2100040233874345995?s=46,-,-,spy_anya11,,Salamence-Mega,Tyranitar-Mega,Milotic,Rillaboom,Excadrill,Sneasler,,MC280
MC279,giodudeVGC's Make It Rain Tour Top 4 Team,,giodudeVGC,,,,Gengarite,,,Swampertite,,,Sitrus Berry,,,Focus Sash,,,Eject Button,,,Leftovers,,https://pokepast.es/a1b7a6d0af006124,Yes,Owner's,✔,WEANAKT70H,14 Sep 2026,Make it Rain Tour,3rd,https://x.com/giodudeVGC/status/2099306200534028450,https://docs.google.com/document/d/1d03k49chranu8hShFmsAvceBwa7awGFlF-xWyh4iwJg/edit?tab=t.0,https://play.limitlesstcg.com/tournament/6a7ba8f62b308b6067b5199c/standings,giodudeVGC,,Gengar-Mega,Swampert-Mega,Incineroar,Pelipper,Rillaboom,Archaludon,,MC279
MC278,DomingoVGC's Salamence Hippowdon Team,,Damahni Palmer,,,,Glimmoranite,,,Salamencite,,,Rocky Helmet,,,Life Orb,,,Leftovers,,,Chople Berry,,https://pokepast.es/b915ba990518d865,Yes,Extracted,✔,YM8P3T36XR,15 Sep 2026,-,,https://x.com/DmanVGC/status/2099872931769655540?s=20,-,-,DmanVGC,,Glimmora-Mega,Salamence-Mega,Volcarona,Rillaboom,Hippowdon,Kingambit,,MC278
MC277,Xeminan's Gardevoir Psyspam Team,,Joe Brown,,,,Gardevoirite,,,Life Orb,,,Charcoal,,,Psychic Seed,,,Colbur Berry,,,Chople Berry,,https://pokepast.es/2ad06f492cf12877,Yes,Extracted,✔,0XJX4NBLXM,15 Sep 2026,Video,,https://x.com/xeminan/status/2099963565713035691?s=46,https://www.youtube.com/watch?v=X7SDc5RhoKw,-,xeminan,,Gardevoir-Mega,Armarouge,Torkoal,Sneasler,Indeedee-F,Kingambit,,MC277
MC276,yozora_952's Salamence Gholdengo Team,,yozora_952,,,,Salamencite,,,Focus Sash,,,Sitrus Berry,,,Psychic Seed,,,Twisted Spoon,,,Life Orb,,https://pokepast.es/90f7ccc7ab5b3d0b,Yes,Extracted,✔,8T0AMYQ2C5,15 Sep 2026,-,,https://x.com/yozora_952/status/2099878042591965302?s=46,-,-,yozora_952,,Salamence-Mega,Arcanine-Hisui,Milotic,Sneasler,Indeedee,Gholdengo,,MC276
MC275,WyatVGC's Garchomp-Z Metagross Team,,Wyatt McDonald,,,,Garchompite Z,,,Metagrossite,,,Focus Sash,,,Sitrus Berry,,,Psychic Seed,,,Choice Scarf,,https://pokepast.es/97edd96cf0de7f14,Yes,Extracted,✔,17SXQN4G6B,15 Sep 2026,-,,https://x.com/wyatvgc/status/2099971048573981078?s=46,-,-,wyatvgc,,Garchomp-Mega-Z,Metagross-Mega,Arcanine-Hisui,Milotic,Sneasler,Indeedee,,MC275
MC274,lovejapanfrombr's Salamence Sand Team,,lovejapanfrombr,,,,Salamencite,,,Tyranitarite,,,Sitrus Berry,,,Expert Belt,,,Focus Sash,,,Life Orb,,https://pokepast.es/5a342ea870e2bbe8,Yes,Extracted,✔,VETY6ESEJH,15 Sep 2026,-,,https://x.com/lovejapanfrombr/status/2099973149148553471?s=46,-,-,lovejapanfrombr,,Salamence-Mega,Tyranitar-Mega,Milotic,Rillaboom,Excadrill,Gholdengo,,MC274
MC273,Ste's Garchomp-Z Floette Team,,Stefano Greppi,,,,Floettite,,,Garchompite Z,,,Sitrus Berry,,,Miracle Seed,,,Grassy Seed,,,Life Orb,,https://pokepast.es/045cc1b2f27f9315,Yes,Extracted,✔,U7143RBX15,15 Sep 2026,-,,https://x.com/ssteccaa/status/2099951804247077280?s=46,-,-,ssteccaa,,Floette-Eternal-Mega,Garchomp-Mega-Z,Incineroar,Rillaboom,Sneasler,Gholdengo,,MC273
MC272,Justin's Recreation of MichaelderBeste's VR September Challenge Champion Team,,Justin Cerioni,,,,Raichunite Y,,,Staraptite,,,Focus Sash,,,Miracle Seed,,,Life Orb,,,Fairy Feather,,https://pokepast.es/ee7a2c6a9f775208,Yes,Extracted,✔,HQ9LV16V9V,15 Sep 2026,-,,https://x.com/byte_v24/status/2099977934060626159?s=46,-,-,byte_v24,,Raichu-Mega-Y,Staraptor-Mega,Arcanine-Hisui,Rillaboom,Gholdengo,Sylveon,,MC272
MC271,ayoitsbenji's WCG VGC Challenge Champion Team (Recreation of MichaelderBeste's VR September Challenge Champion Team),,ayoitsbenji,,,,Raichunite Y,,,Staraptite,,,Focus Sash,,,Miracle Seed,,,Life Orb,,,Fairy Feather,,https://pokepast.es/d943321333ed8846,Yes,Extracted,✔,FY0K55GDWA,15 Sep 2026,WCG VGC Challenge,Champion,https://x.com/ayoitsbenji/status/2099873194882802078?s=46,-,-,ayoitsbenji,,Raichu-Mega-Y,Staraptor-Mega,Arcanine-Hisui,Rillaboom,Gholdengo,Sylveon,,MC271
MC270,Rod's Lucario-Z Overqwil Team,,Rod,,,,Lucarionite Z,,,Chople Berry,,,Occa Berry,,,Grassy Seed,,,Leftovers,,,Sitrus Berry,,https://pokepast.es/18d8e22d3d9ad026,Yes,Extracted,✔,WV1V1B62FY,15 Sep 2026,-,,https://x.com/trnrrodvgc/status/2099861565696794641?s=46,-,-,trnrrodvgc,,Lucario-Mega-Z,Incineroar,Rillaboom,Sneasler,Overqwil,Klefki,,MC270
MC269,Justin's Metagross Blaziken Team,,Justin Cerioni,,,,Metagrossite,,,Raichunite Y,,,Focus Sash,,,Miracle Seed,,,Psychic Seed,,,Life Orb,,https://pokepast.es/87947bfa8f77f2c4,Yes,Extracted,✔,MN1BMUTKR9,15 Sep 2026,-,,https://x.com/Byte_v24/status/2099862916472189233?s=20,-,-,Byte_v24,,Metagross-Mega,Raichu-Mega-Y,Blaziken,Rillaboom,Indeedee-F,Dragonite,,MC269
MC268,zeen's Gengar Swampert Perish Team,,Shohei Kimura,,,,Gengarite,,,Swampertite,,,Chople Berry,,,Sitrus Berry,,,Miracle Seed,,,Leftovers,,https://pokepast.es/73a1ddc47375195f,Yes,Extracted,✔,W3R78HB25U,14 Sep 2026,-,,https://x.com/zeen172m/status/2099846686478942249?s=46,-,-,zeen172m,,Gengar-Mega,Swampert-Mega,Incineroar,Politoed,Rillaboom,Kommo-o,,MC268
MC267,vi0ra_pokemon's Garchomp-Z Floette Team,,vi0ra_pokemon,,,,Floettite,,,Garchompite Z,,,Sitrus Berry,,,Occa Berry,,,Grassy Seed,,,Leftovers,,https://pokepast.es/74aea655c757917f,Yes,Extracted,✔,SHY5JPBVRF,14 Sep 2026,-,,https://x.com/vi0ra_pokemon/status/2099517321299808541?s=46,-,-,vi0ra_pokemon,,Floette-Eternal-Mega,Garchomp-Mega-Z,Incineroar,Rillaboom,Sneasler,Gholdengo,,MC267
MC266,Vasco Anime's Salamence Sand Team,,Vasco Anime,,,,Salamencite,,,Tyranitarite,,,Life Orb,,,Sitrus Berry,,,Expert Belt,,,Focus Sash,,https://pokepast.es/7336af4b2bdc9509,Yes,Extracted,✔,XFDQ8SWWNC,14 Sep 2026,-,,https://x.com/vascoanime/status/2099604836052316593?s=46,-,-,vascoanime,,Salamence-Mega,Tyranitar-Mega,Talonflame,Milotic,Rillaboom,Excadrill,,MC266
MC265,WyatVGC's Lucario-Z Raichu-Y Team,,Wyatt McDonald,,,,Lucarionite Z,,,Raichunite Y,,,Focus Sash,,,Miracle Seed,,,Chople Berry,,,Grassy Seed,,https://pokepast.es/7c4bc48a6a1906e6,Yes,Extracted,✔,YDXMW5CTEP,14 Sep 2026,-,,https://x.com/wyatvgc/status/2099633801072984109?s=46,-,-,wyatvgc,,Lucario-Mega-Z,Raichu-Mega-Y,Basculegion,Rillaboom,Maushold-Four,Gholdengo,,MC265
MC264,Sahil's Raichu-Y Goliosopod Team,,Sahil,,,,Golisopite,,,Raichunite Y,,,Expert Belt,,,Leftovers,,,Life Orb,,,Sitrus Berry,,https://pokepast.es/c419e3e0d8f1c5d4,Yes,Extracted,✔,JTXXFG65C8,14 Sep 2026,-,,https://x.com/shaikhvgc786/status/2099654010131374573?s=46,-,-,shaikhvgc786,,Golisopod-Mega,Raichu-Mega-Y,Incineroar,Milotic,Rillaboom,Farigiraf,,MC264
MC263,KitWiller's Salamence Armarouge Team,,Daniel Pioppi,,,,Salamencite,,,Focus Sash,,,Life Orb,,,Sitrus Berry,,,Psychic Seed,,,Colbur Berry,,https://pokepast.es/9cc929d200baed42,Yes,Extracted,✔,LE60MQACCX,14 Sep 2026,-,,https://x.com/kitwillervgc/status/2099733968421613948?s=46,-,-,kitwillervgc,,Salamence-Mega,Arcanine-Hisui,Armarouge,Milotic,Sneasler,Indeedee-F,,MC263
MC262,Justin's Raichu-Y Salamence Team,,Justin Cerioni,,,,Raichunite Y,,,Salamencite,,,Focus Sash,,,Black Glasses,,,Fairy Feather,,,Life Orb,,https://pokepast.es/daca6f08f851a3a5,Yes,Extracted,✔,CRT6PQEPSN,14 Sep 2026,-,,https://x.com/byte_v24/status/2099608036511817759?s=46,-,-,byte_v24,,Raichu-Mega-Y,Salamence-Mega,Arcanine-Hisui,Kingambit,Sylveon,Baxcalibur,,MC262
MC261,Elise's Alakazam Typhlosion-Hisui Team,,Naoyuki Matsuhashi,,,,Alakazite,,,Charcoal,,,Choice Scarf,,,White Herb,,,Rocky Helmet,,,Focus Sash,,https://pokepast.es/646b820cb07e593a,Yes,Extracted,✔,GAX8XCWEKG,14 Sep 2026,-,,https://x.com/eripompudding/status/2099480729931681799?s=46,-,-,eripompudding,,Alakazam-Mega,Torkoal,Typhlosion-Hisui,Sneasler,Indeedee-F,Whimsicott,,MC261
MC260,MichaelderBeste's Garchomp-Z Toxtricity Team,,Michael Kelsch,,,,Garchompite Z,,,Sharp Beak,,,Sitrus Berry,,,Life Orb,,,Focus Sash,,,Fairy Feather,,https://pokepast.es/8395839107df60b4,Yes,Owner's,✔,JH1UCYJBKS,14 Sep 2026,Video,,https://x.com/michaelderbeste/status/2099551319438610669?s=46,https://youtu.be/nxfFvVjjw_w?si=WZvw9kpx3DsnzGOu,-,michaelderbeste,,Garchomp-Mega-Z,Talonflame,Milotic,Toxtricity,Aegislash,Sylveon,,MC260
MC259,mie_swagger's Salamence Vanilluxe Team,,mie_swagger,,,,Salamencite,,,Sitrus Berry,,,Never-Melt Ice,,,Rocky Helmet,,,Focus Sash,,,Fairy Feather,,https://pokepast.es/a5b0fd2dfb4b9c13,Yes,Extracted,X,None,14 Sep 2026,-,,https://x.com/mie_swagger/status/2099118859966128404?s=46,-,-,mie_swagger,,Salamence-Mega,Incineroar,Vanilluxe,Sinistcha,Kingambit,Sylveon,,MC259
MC258,banksofdeshawn's Charizard-X Golisopod Team,,banksofdeshawn,,,,Charizardite X,,,Golisopite,,,Focus Sash,,,Psychic Seed,,,Light Clay,,,Kasib Berry,,https://pokepast.es/2106e9c7e469a2dd,Yes,Owner's,✔,LEPRD6ER9T,14 Sep 2026,-,,https://x.com/banksofdeshawn/status/2099169256483234023?s=46,-,-,banksofdeshawn,,Charizard-Mega-X,Golisopod-Mega,Gallade,Indeedee-F,Sableye,Sinistcha-Masterpiece,,MC258
MC257,metalderk's Absol-Z Tsareena Team,,metalderk,,,,Absolite Z,,,Sitrus Berry,,,Leftovers,,,Wide Lens,,,Colbur Berry,,,Life Orb,,https://pokepast.es/b464a7fc05783469,Yes,Extracted,✔,523CL04SS7,14 Sep 2026,Video,,https://x.com/derkpkmn/status/2099314890737397838?s=46,https://www.youtube.com/watch?v=byUJrnnsFX4&feature=youtu.be,-,derkpkmn,,Absol-Mega-Z,Incineroar,Milotic,Tsareena,Indeedee-F,Gholdengo,,MC257
MC256,parrobot7's Local Tour Champion Team (Recreation of MichaelderBeste's VR September Challenge Champion Team),,parrobot7,,,,Raichunite Y,,,Staraptite,,,Focus Sash,,,Miracle Seed,,,Life Orb,,,Fairy Feather,,https://pokepast.es/2d234b4ec11a9aca,Yes,Extracted,✔,5EFXWLXV71,14 Sep 2026,Local Tour,Champion,https://x.com/parrobot7/status/2099273890585256358?s=46,-,-,parrobot7,,Raichu-Mega-Y,Staraptor-Mega,Arcanine-Hisui,Rillaboom,Gholdengo,Sylveon,,MC256
MC255,gilberto_vgc's Local Tour Champion Team (Recreation of MichaelderBeste's VR September Challenge Champion Team),,gilberto_vgc,,,,Raichunite Y,,,Staraptite,,,Focus Sash,,,Miracle Seed,,,Life Orb,,,Fairy Feather,,https://pokepast.es/99bbd8f54a6a18cb,Yes,Extracted,✔,4SVXQSPBQE,14 Sep 2026,Local Tour,Champion,https://x.com/gilberto_vgc/status/2099332139544117324?s=46,-,-,gilberto_vgc,,Raichu-Mega-Y,Staraptor-Mega,Arcanine-Hisui,Rillaboom,Gholdengo,Sylveon,,MC255
MC254,MichaelderBeste's VR September Challenge Champion Team,,Michael Kelsch,,,,Raichunite Y,,,Staraptite,,,Focus Sash,,,Miracle Seed,,,Life Orb,,,Fairy Feather,,https://pokepast.es/421ae13bcb967417,No,Extracted,X,None,13 Sep 2026,VR September Challenge,Champion,https://x.com/MichaelderBeste/status/2099221075389206539,-,https://victoryroad.pro/vr-sep26/,MichaelderBeste,,Raichu-Mega-Y,Staraptor-Mega,Arcanine-Hisui,Rillaboom,Gholdengo,Sylveon,,MC254
MC253,Louis' VR September Challenge Runner Up Team,,Louis Markl,,,,Floettite,,,Salamencite,,,Rocky Helmet,,,Sitrus Berry,,,Grassy Seed,,,Life Orb,,https://pokepast.es/63c26e23805e7881,No,Extracted,X,None,13 Sep 2026,VR September Challenge,Runner Up,https://x.com/Louisvgc/status/2099227918761160713,-,https://victoryroad.pro/vr-sep26/,Louisvgc,,Floette-Eternal-Mega,Salamence-Mega,Incineroar,Rillaboom,Sneasler,Gholdengo,,MC253
MC252,Jacopo De Astis' VR September Challenge Top 4 Team,,Jacopo De Astis,,,,Gardevoirite,,,Focus Sash,,,Mystic Water,,,Rocky Helmet,,,Occa Berry,,,Life Orb,,https://pokepast.es/000df87b15e76fb0,No,Extracted,X,None,13 Sep 2026,VR September Challenge,3rd,No Tweet,-,https://victoryroad.pro/vr-sep26/,Jacopo De Astis,,Gardevoir-Mega,Arcanine-Hisui,Basculegion,Indeedee-F,Whimsicott,Kommo-o,,MC252
MC251,Erizabeth's VR September Challenge Top 4 Team,,Erizabeth,,,,Garchompite Z,,,Golisopite,,,Chople Berry,,,Leftovers,,,Miracle Seed,,,Grassy Seed,,https://pokepast.es/412d57292e8dbd7e,Yes,Extracted,✔,1DP66F7QFN,13 Sep 2026,VR September Challenge,4th,https://x.com/rizabeth373/status/2099228392210182283,-,https://victoryroad.pro/vr-sep26/,rizabeth373,,Garchomp-Mega-Z,Golisopod-Mega,Incineroar,Milotic,Rillaboom,Farigiraf,,MC251
MC250,marcofiero's VR September Challenge Top 8 Team,,Marco Silva,,,,Froslassite,,,Gengarite,,,Passho Berry,,,Sitrus Berry,,,Eject Button,,,Leftovers,,https://pokepast.es/8782bc837073b808,Yes,Extracted,X,None,13 Sep 2026,VR September Challenge,5th,https://x.com/marc0fier0/status/2099501965260513447?s=46,-,https://victoryroad.pro/vr-sep26/,marc0fier0,,Froslass-Mega,Gengar-Mega,Incineroar,Politoed,Rillaboom,Archaludon,,MC250
MC249,Kangourou's VR September Challenge Top 8 Team,,Jérémy Côté,,,,Metagrossite,,,Salamencite,,,Focus Sash,,,Sitrus Berry,,,Psychic Seed,,,Choice Scarf,,https://pokepast.es/52b52cca8ffdae65,No,Extracted,X,None,13 Sep 2026,VR September Challenge,6th,https://x.com/Kangourou0071,-,https://victoryroad.pro/vr-sep26/,Kangourou0071,,Metagross-Mega,Salamence-Mega,Arcanine-Hisui,Milotic,Sneasler,Indeedee,,MC249
MC248,SlycedBread's VR September Challenge Top 8 Team,,SlycedBread,,,,Staraptite,,,Twisted Spoon,,,Psychic Seed,,,Rocky Helmet,,,Focus Sash,,,Life Orb,,https://pokepast.es/f584f78434c34d9c,No,Extracted,X,None,13 Sep 2026,VR September Challenge,7th,https://x.com/SlycedBread,-,https://victoryroad.pro/vr-sep26/,SlycedBread,,Staraptor-Mega,Armarouge,Milotic,Indeedee-F,Whimsicott,Dragapult,,MC248
MC247,TDUmbreon's VR September Challenge Top 8 Team,,TDUmbreon,,,,Aerodactylite,,,Charizardite Y,,,Sitrus Berry,,,Focus Sash,,,Fairy Feather,,,Life Orb,,https://pokepast.es/95aa5745d38853fe,No,Extracted,X,None,13 Sep 2026,VR September Challenge,8th,https://x.com/TDUmbreon/status/2099223413776679138,-,https://victoryroad.pro/vr-sep26/,TDUmbreon,,Aerodactyl-Mega,Charizard-Mega-Y,Farigiraf,Kingambit,Sylveon,Garchomp,,MC247
MC246,yura's VR September Challenge Top 16 Team,,yura,,,,Raichunite Y,,,Salamencite,,,Colbur Berry,,,Leftovers,,,Miracle Seed,,,Life Orb,,https://pokepast.es/a982beaee27d32ec,Yes,Extracted,✔,7C8RLWGQWV,13 Sep 2026,VR September Challenge,9th,https://x.com/yurayura_pon/status/2099350701302579698,-,https://victoryroad.pro/vr-sep26/,yurayura_pon,,Raichu-Mega-Y,Salamence-Mega,Ceruledge,Milotic,Rillaboom,Gholdengo,,MC246
MC245,ege's VR September Challenge Top 16 Team,,Shuji ENDO,,,,Garchompite Z,,,Metagrossite,,,Sitrus Berry,,,Grassy Seed,,,Miracle Seed,,,White Herb,,https://pokepast.es/e74e8282d41a3802,Yes,Extracted,✔,PGARJCNDJJ,13 Sep 2026,VR September Challenge,10th,https://x.com/cycleshop_i/status/2099184704373317839,https://x.com/BTrickroomZ/status/2098762312920580143,https://victoryroad.pro/vr-sep26/,cycleshop_i,,Garchomp-Mega-Z,Metagross-Mega,Incineroar,Volcarona,Rillaboom,Sneasler,,MC245
MC244,GonesTR_'s VR September Challenge Top 16 Team,,Gonzalo Estrada,,,,Cameruptite,,,White Herb,,,Psychic Seed,,,Sitrus Berry,,,Black Glasses,,,Life Orb,,https://pokepast.es/494d89b2c921e991,No,Extracted,X,None,13 Sep 2026,VR September Challenge,11th,https://x.com/GonesTR_,-,https://victoryroad.pro/vr-sep26/,GonesTR_,,Camerupt-Mega,Incineroar,Indeedee-F,Farigiraf,Kingambit,Hatterene,,MC244
MC243,Lucas Gardes' VR September Challenge Top 16 Team,,Lucas Gardes,,,,Gardevoirite,,,Staraptite,,,Focus Sash,,,Choice Scarf,,,Psychic Seed,,,Colbur Berry,,https://pokepast.es/8551775ba713381f,No,Extracted,X,None,13 Sep 2026,VR September Challenge,12th,No Tweet,-,https://victoryroad.pro/vr-sep26/,Lucas Gardes,,Gardevoir-Mega,Staraptor-Mega,Armarouge,Annihilape,Sneasler,Indeedee-F,,MC243
MC242,FcVinday's VR September Challenge Top 16 Team,,FcVinday,,,,Charizardite Y,,,Golisopite,,,Sitrus Berry,,,Light Clay,,,Leftovers,,,Roseli Berry,,https://pokepast.es/1068e9431ff33464,No,Extracted,X,None,13 Sep 2026,VR September Challenge,13th,https://x.com/FcVinday/status/2099184724237226258,-,https://victoryroad.pro/vr-sep26/,FcVinday,,Charizard-Mega-Y,Golisopod-Mega,Pelipper,Grimmsnarl,Archaludon,Hydreigon,,MC242
MC241,kaki's VR September Challenge Team,,kaki,,,,Garchompite Z,,,Metagrossite,,,Sitrus Berry,,,Leftovers,,,Miracle Seed,,,Focus Sash,,https://pokepast.es/a202a04735494175,Yes,Extracted,✔,NGYJFBFALF,13 Sep 2026,VR September Challenge,,https://x.com/kaki__poke/status/2098887224519733451?s=46,-,https://victoryroad.pro/vr-sep26/,kaki__poke,,Garchomp-Mega-Z,Metagross-Mega,Incineroar,Milotic,Rillaboom,Pawmot,,MC241
MC240,James Baek's Absol-Z Sylveon Team,,James Baek,,,,Absolite Z,,,Focus Sash,,,Leftovers,,,Life Orb,,,Grassy Seed,,,Fairy Feather,,https://pokepast.es/235094a08938ad08,Yes,Owner's,✔,48NXDQUJMV,14 Sep 2026,Video,,https://www.youtube.com/watch?v=bJnmkhmQrEM,-,-,JamesWBaek,,Absol-Mega-Z,Arcanine-Hisui,Milotic,Rillaboom,Sneasler,Sylveon,,MC240
MC239,pathogenvgc's Baxcalibur Snow Team,,pathogenvgc,,,,Baxcalibrite,,,Sitrus Berry,,,Leftovers,,,Focus Sash,,,Life Orb,,,Light Clay,,https://pokepast.es/a630a7a5018325c9,Yes,Extracted,✔,4907CAA8K6,14 Sep 2026,-,,https://x.com/pathogenvgc/status/2099301392594690146?s=46,-,-,pathogenvgc,,Baxcalibur-Mega,Incineroar,Milotic,Sneasler,Gholdengo,Ninetales-Alola,,MC239
MC238,KKCWind's Golisopod Sirfetch'd Team,,Huang Yang-Jie,,,,Glimmoranite,,,Golisopite,,,Chople Berry,,,Leek,,,Focus Sash,,,Sitrus Berry,,https://pokepast.es/ecf978d5f23a5b2f,Yes,Extracted,✔,FNMLD0MNUH,14 Sep 2026,Grassroots Local Tour,Top 8,https://x.com/asc5543/status/2099301547897417917?s=46,-,-,asc5543,,Glimmora-Mega,Golisopod-Mega,Incineroar,Sirfetch'd,Whimsicott,Farigiraf,,MC238
MC237,Castorbrown's Garchomp-Z Pawmot Team,,Castorbrown,,,,Garchompite Z,,,Gengarite,,,Grassy Seed,,,Miracle Seed,,,Focus Sash,,,Life Orb,,https://pokepast.es/93c86d303e85d1da,Yes,Owner's,✔,S3LAGGUN58,13 Sep 2026,Grassroots Local Tour,,https://x.com/CastorbrownVGC/status/2099130666508304884?s=20,-,-,CastorbrownVGC,,Garchomp-Mega-Z,Gengar-Mega,Milotic,Rillaboom,Pawmot,Kingambit,,MC237
MC236,Yunittoyuni's Salamence Baxcalibur Team,,Yuma Suzuki,,,,Salamencite,,,Sitrus Berry,,,White Herb,,,Choice Scarf,,,Focus Sash,,,Haban Berry,,https://pokepast.es/294036c07bd7b7b4,Yes,Extracted,✔,QBK6NBT4HT,14 Sep 2026,-,,https://x.com/yunittoyuni/status/2099182489344581636?s=46,-,-,yunittoyuni,,Salamence-Mega,Incineroar,Sneasler,Indeedee,Gholdengo,Baxcalibur,,MC236
MC235,ZekromZeke's Local Tour Champion Team,,Ezequiel Cordero,,,,Salamencite,,,Tyranitarite,,,Sitrus Berry,,,Expert Belt,,,Focus Sash,,,Life Orb,,https://pokepast.es/43bdff98a519db09,Yes,Owner's,✔,FL0AV1GKCS,14 Sep 2026,Local Tour,Champion,https://x.com/zekromzeke/status/2099290912543150082?s=46,-,-,zekromzeke,,Salamence-Mega,Tyranitar-Mega,Milotic,Rillaboom,Excadrill,Gholdengo,,MC235
MC234,Panda's Baxcalibur Volcarona Team,,Justin Tang,,,,Baxcalibrite,,,Sitrus Berry,,,Grassy Seed,,,Life Orb,,,Miracle Seed,,,White Herb,,https://pokepast.es/ca08bca9b981be5c,Yes,Owner's,✔,M9B2QPKFX0,14 Sep 2026,Video,,https://x.com/unironicpanda/status/2099275589857251385?s=46,https://youtu.be/77H5SwoaK2E?si=I-0B2u9w7AOKeU8Z,-,unironicpanda,,Baxcalibur-Mega,Incineroar,Volcarona,Basculegion,Rillaboom,Sneasler,,MC234
MC233,alcana's Baxcalibur Volcarona Team,,Kiwamu Endo,,,,Baxcalibrite,,,Rocky Helmet,,,Leftovers,,,Occa Berry,,,Grassy Seed,,,Focus Sash,,https://pokepast.es/419384c3fd6c9e16,Yes,Extracted,✔,RK045FYW34,14 Sep 2026,Video,,https://www.youtube.com/watch?v=F9db2hp61xg,-,-,alcana_10906,,Baxcalibur-Mega,Volcarona,Milotic,Rillaboom,Sneasler,Kingambit,,MC233
MC232,slothdiesel's Absol-Z Floette Team,,slothdiesel,,,,Absolite Z,,,Floettite,,,Focus Sash,,,Occa Berry,,,Grassy Seed,,,Life Orb,,https://pokepast.es/31a5a41549fd6ddf,Yes,Owner's,✔,UV9B1U8RD4,14 Sep 2026,Video,,https://x.com/slothdiesel/status/2099173333996904548?s=46,https://www.youtube.com/watch?v=nKJr2uR2zGc,-,slothdiesel,,Absol-Mega-Z,Floette-Mega,Arcanine-Hisui,Rillaboom,Sneasler,Gholdengo,,MC232
MC231,pokebrosvgc's Salamence Whimsicott Team,,pokebrosvgc,,,,Salamencite,,,Sitrus Berry,,,Life Orb,,,White Herb,,,Focus Sash,,,Chople Berry,,https://pokepast.es/19e1531c9134e373,Yes,Extracted,✔,EQ1E8KHQAP,14 Sep 2026,-,,https://x.com/pokebrosvgc/status/2099197182364844481?s=46,-,-,pokebrosvgc,,Salamence-Mega,Incineroar,Basculegion,Sneasler,Whimsicott,Kingambit,,MC231
MC230,KantoClark's Salamence Sand Team,,Nicholas Clark,,,,Salamencite,,,Sitrus Berry,,,Choice Scarf,,,Wide Lens,,,Life Orb,,,Light Clay,,https://pokepast.es/426195e3e323334c,Yes,Extracted,✔,8NJRT9TFM4,13 Sep 2026,-,,https://x.com/KantoClark/status/2099163232346726875?s=20,-,-,KantoClark,,Salamence-Mega,Houndstone,Tyranitar,Maushold-Four,Gholdengo,Grimmsnarl,,MC230
MC229,KantoClark's Typhlosion Sand Team,,Nicholas Clark,,,,Tyranitarite,,,Choice Scarf,,,Psychic Seed,,,Focus Sash,,,Sitrus Berry,,,Life Orb,,https://pokepast.es/20c8c6b6e8e9b868,Yes,Extracted,✔,TLGDS5M1XL,13 Sep 2026,-,,https://x.com/kantoclark/status/2099155960757444977?s=46,-,-,kantoclark,,Tyranitar-Mega,Typhlosion,Sneasler,Indeedee,Corviknight,Garchomp,,MC229
MC228,silversandbag's Golisopod Floette Team,,silversandbag,,,,Floettite,,,Golisopite,,,Charcoal,,,Leftovers,,,Miracle Seed,,,Sitrus Berry,,https://pokepast.es/3c4611ccba18d35a,Yes,Extracted,✔,78ECP273HG,13 Sep 2026,-,,https://x.com/silversandbag/status/2098908645358772581?s=46,-,-,silversandbag,,Floette-Eternal-Mega,Golisopod-Mega,Arcanine-Hisui,Milotic,Rillaboom,Farigiraf,,MC228
MC227,Jannik's ValkrixVGC Pokemon Champions League #03 Champion Team,,Jannik Koch,,,,Dragoninite,,,Sitrus Berry,,,Life Orb,,,Psychic Seed,,,Focus Sash,,,Fairy Feather,,https://pokepast.es/d4ace2bc38fdbd71,Yes,Owner's,X,None,13 Sep 2026,ValkrixVGC Pokemon Champions League #03,Champion,https://x.com/lightoz18/status/2099176420631060729?s=46,-,https://play.limitlesstcg.com/tournament/6a8aefa281741245b151cb61/standings,lightoz18,,Dragonite-Mega,Incineroar,Basculegion,Sneasler,Indeedee,Sylveon,,MC227
MC226,Justin's Salamence Raichu-Y Team,,Justin Cerioni,,,,Raichunite Y,,,Salamencite,,,Focus Sash,,,Black Glasses,,,Fairy Feather,,,Life Orb,,https://pokepast.es/6c8f1d6176940580,Yes,Extracted,✔,HS7HNR8V1V,13 Sep 2026,-,,https://x.com/byte_v24/status/2099230353936232777?s=46,-,-,byte_v24,,Raichu-Mega-Y,Salamence-Mega,Arcanine-Hisui,Kingambit,Sylveon,Baxcalibur,,MC226
MC225,CloverBells' Salamence Sun Team,,CloverBells,,,,Charizardite Y,,,Salamencite,,,Miracle Seed,,,Grassy Seed,,,Life Orb,,,Fairy Feather,,https://pokepast.es/2d9490a4361c8159,Yes,Owner's,X,None,13 Sep 2026,Video,,https://x.com/cloverbells21/status/2099176720024625208?s=46,https://www.youtube.com/watch?v=ZzWBSi2alZM,-,cloverbells21,,Charizard-Mega-Y,Salamence-Mega,Rillaboom,Sneasler,Kingambit,Sylveon,,MC225
MC224,CloverBells' Salamence Snow Team,,CloverBells,,,,Froslassite,,,Salamencite,,,Focus Sash,,,Life Orb,,,White Herb,,,Grassy Seed,,https://pokepast.es/b6bace50909f3571,Yes,Owner's,X,None,13 Sep 2026,Video,,https://x.com/cloverbells21/status/2099176720024625208?s=46,https://www.youtube.com/watch?v=ZzWBSi2alZM,-,cloverbells21,,Froslass-Mega,Salamence-Mega,Arcanine-Hisui,Rillaboom,Sneasler,Gholdengo,,MC224
MC223,CloverBells' Salamence Sand Team,,CloverBells,,,,Salamencite,,,Tyranitarite,,,Sitrus Berry,,,Focus Sash,,,Psychic Seed,,,Choice Scarf,,https://pokepast.es/6a572a56178f0271,Yes,Owner's,X,None,13 Sep 2026,Video,,https://x.com/cloverbells21/status/2099176720024625208?s=46,https://www.youtube.com/watch?v=ZzWBSi2alZM,-,cloverbells21,,Salamence-Mega,Tyranitar-Mega,Milotic,Excadrill,Sneasler,Indeedee,,MC223
MC222,CloverBells' Salamence Floette Team V2,,CloverBells,,,,Floettite,,,Salamencite,,,Life Orb,,,Miracle Seed,,,Grassy Seed,,,Focus Sash,,https://pokepast.es/a475819584747fe7,Yes,Owner's,X,None,13 Sep 2026,Video,,https://x.com/cloverbells21/status/2099176720024625208?s=46,https://www.youtube.com/watch?v=ZzWBSi2alZM,-,cloverbells21,,Floette-Mega,Salamence-Mega,Basculegion,Rillaboom,Sneasler,Kingambit,,MC222
MC221,CloverBells' Salamence Floette Team,,CloverBells,,,,Floettite,,,Salamencite,,,Sitrus Berry,,,Miracle Seed,,,Grassy Seed,,,Life Orb,,https://pokepast.es/fdc0b961c0d0ef8c,Yes,Owner's,X,None,13 Sep 2026,Video,,https://x.com/cloverbells21/status/2099176720024625208?s=46,https://www.youtube.com/watch?v=ZzWBSi2alZM,-,cloverbells21,,Floette-Mega,Salamence-Mega,Incineroar,Rillaboom,Sneasler,Gholdengo,,MC221
MC220,ikorin_poke's Salamence Terrain Team,,ikorin_poke,,,,Salamencite,,,Focus Sash,,,Leftovers,,,Electric Seed,,,Life Orb,,,Choice Scarf,,https://pokepast.es/ac6967ec268cbdf8,Yes,Extracted,✔,64VX7L8MHQ,13 Sep 2026,-,,https://x.com/ikorin_poke/status/2099137383925190779?s=46,-,-,ikorin_poke,,Salamence-Mega,Arcanine-Hisui,Milotic,Pincurchin,Raichu-Alola,Indeedee,,MC220
MC219,dengus075's Local Tour Top 4 Team,,dengus075,,,,Salamencite,,,Focus Sash,,,Life Orb,,,Miracle Seed,,,Grassy Seed,,,Chople Berry,,https://pokepast.es/a5dfce8794a63b55,Yes,Extracted,✔,CHKSYLXT6E,13 Sep 2026,Local Tour,Top 4,https://x.com/dengus075/status/2099138239957225617?s=46,-,-,dengus075,,Salamence-Mega,Arcanine-Hisui,Basculegion,Rillaboom,Sneasler,Kingambit,,MC219
MC218,PerishSongJP's Salamence Sand Team,,PerishSongJP,,,,Salamencite,,,Life Orb,,,Psychic Seed,,,Choice Scarf,,,Focus Sash,,,Black Glasses,,https://pokepast.es/5890d238feb764a2,Yes,Extracted,✔,EXF4EY5G2P,13 Sep 2026,-,,https://x.com/UsaUsaBallon/status/2099124117559705892?s=20,-,-,UsaUsaBallon,,Salamence-Mega,Excadrill,Sneasler,Tyranitar,Indeedee,Kingambit,,MC218
MC217,ntmgpoke's Salamence Sylveon Team,,Megumi Natsu,,,,Salamencite,,,Life Orb,,,Miracle Seed,,,White Herb,,,Focus Sash,,,Fairy Feather,,https://pokepast.es/2f25d07c9b26e73c,Yes,Extracted,✔,A92BW0309S,13 Sep 2026,-,,https://x.com/ntmgpoke/status/2099123076214714551?s=20,-,-,ntmgpoke,,Salamence-Mega,Basculegion,Rillaboom,Sneasler,Kingambit,Sylveon,,MC217
MC216,ribe88's Garchomp-Z Golisopod Team,,ribe88,,,,Garchompite Z,,,Golisopite,,,Leftovers,,,Focus Sash,,,Miracle Seed,,,White Herb,,https://pokepast.es/9426942ee013d590,Yes,Extracted,✔,XBXPQ35S9X,13 Sep 2026,-,,https://x.com/ribe88/status/2099095197695308019?s=46,-,-,ribe88,,Garchomp-Mega-Z,Golisopod-Mega,Milotic,Pelipper,Rillaboom,Sneasler,,MC216
MC215,ribe88's Raichu-Y Goliosopod Team,,ribe88,,,,Golisopite,,,Raichunite Y,,,Leftovers,,,Focus Sash,,,Life Orb,,,Black Glasses,,https://pokepast.es/a702bf47f522438b,Yes,Extracted,✔,HKD43P28BK,13 Sep 2026,-,,https://x.com/ribe88/status/2099031184408027281?s=46,-,-,ribe88,,Golisopod-Mega,Raichu-Mega-Y,Milotic,Pelipper,Rillaboom,Kingambit,,MC215
MC214,nihileyugo's Golisopod Swampert Team V2,,nihileyugo,,,,Golisopite,,,Swampertite,,,Passho Berry,,,Choice Scarf,,,Sitrus Berry,,,Leftovers,,https://pokepast.es/30899280e5d3329e,Yes,Extracted,✔,UUUPAUKUAD,13 Sep 2026,-,,https://x.com/nihileyugo/status/2099090294910390283?s=46,-,-,nihileyugo,,Golisopod-Mega,Swampert-Mega,Incineroar,Basculegion,Pelipper,Archaludon,,MC214
MC213,nihileyugo's Golisopod Swampert Team,,nihileyugo,,,,Golisopite,,,Swampertite,,,Choice Scarf,,,Sitrus Berry,,,Focus Sash,,,Leftovers,,https://pokepast.es/83bf8aa4785e4b68,Yes,Extracted,✔,9WG4B6PJA9,13 Sep 2026,-,,https://x.com/nihileyugo/status/2098811679635284298?s=46,-,-,nihileyugo,,Golisopod-Mega,Swampert-Mega,Basculegion,Pelipper,Sneasler,Archaludon,,MC213
MC212,etc25269248's Metagross Terrain Team,,etc25269248,,,,Metagrossite,,,Focus Sash,,,Leftovers,,,Miracle Seed,,,Grassy Seed,,,Eject Button,,https://pokepast.es/7664efb6099c8d98,Yes,Extracted,✔,H01QKV7GX1,13 Sep 2026,-,,https://x.com/etc25269248/status/2099014314434977987?s=46,-,-,etc25269248,,Metagross-Mega,Armarouge,Incineroar,Rillaboom,Sneasler,Indeedee-F,,MC212
MC211,Rod's Make It Rain Tour Top 8 Team,,Rod,,,,Floettite,,,Raichunite Y,,,Sitrus Berry,,,Miracle Seed,,,Grassy Seed,,,Life Orb,,https://pokepast.es/a0582a49f5490809,Yes,Extracted,✔,MUGYS5V4LF,13 Sep 2026,Make it Rain Tour,5th,https://x.com/trnrrodvgc/status/2099081142175776769?s=46,Tera Square Offline Meetup #2 Team,https://play.limitlesstcg.com/tournament/6a7ba8f62b308b6067b5199c/standings,trnrrodvgc,,Floette-Eternal-Mega,Raichu-Mega-Y,Incineroar,Rillaboom,Sneasler,Gholdengo,,MC211
MC210,Krebs' Local Tour Top 4 Team,,Andrew Krebs,,,,Blastoisinite,,,Floettite,,,Sitrus Berry,,,Miracle Seed,,,Grassy Seed,,,Rocky Helmet,,https://pokepast.es/a4768a9bbf6876de,Yes,Owner's,X,None,13 Sep 2026,Local Tour,Top 4,https://x.com/krebsvgc/status/2098909346650280201?s=46,-,-,krebsvgc,,Blastoise-Mega,Floette-Mega,Incineroar,Rillaboom,Sneasler,Indeedee-F,,MC210
MC209,tchagelado's Golisopod Psyspam Team,,tchagelado,,,,Golisopite,,,Life Orb,,,Sitrus Berry,,,Psychic Seed,,,Rocky Helmet,,,Focus Sash,,https://pokepast.es/369e75b64155b6a1,Yes,Extracted,✔,VXY11K38WJ,13 Sep 2026,-,,https://x.com/tchagelado/status/2098959361913577677?s=46,-,-,tchagelado,,Golisopod-Mega,Armarouge,Pelipper,Sneasler,Indeedee-F,Kingambit,,MC209
MC208,justsmeeks' Salamence Baxcalibur Team,,justsmeeks,,,,Baxcalibrite,,,Salamencite,,,Focus Sash,,,White Herb,,,Choice Scarf,,,Chople Berry,,https://pokepast.es/4b8af5079a5f474f,Yes,Extracted,X,None,13 Sep 2026,-,,https://x.com/justsmeeks/status/2098971751522996723?s=46,-,-,justsmeeks,,Baxcalibur-Mega,Salamence-Mega,Volcarona,Sneasler,Zoroark-Hisui,Kingambit,,MC208
MC207,lovejapanfrombr's Showdown Ladder Peak 6th Place Team,,lovejapanfrombr,,,,Salamencite,,,Tyranitarite,,,Sitrus Berry,,,Miracle Seed,,,Focus Sash,,,Life Orb,,https://pokepast.es/0149eb0e0ddf41fe,Yes,Extracted,X,None,13 Sep 2026,Showdown Ladder,Peak 6th,https://x.com/lovejapanfrombr/status/2098988959141400771?s=46,-,-,lovejapanfrombr,,Salamence-Mega,Tyranitar-Mega,Milotic,Rillaboom,Excadrill,Gholdengo,,MC207
MC206,WyatVGC's Salamence Floette Team,,Wyatt McDonald,,,,Floettite,,,Salamencite,,,Leftovers,,,Miracle Seed,,,Grassy Seed,,,Focus Sash,,https://pokepast.es/365a845739f077e0,Yes,Extracted,✔,WJQCLMUXWT,13 Sep 2026,-,,https://x.com/wyatvgc/status/2098969975126122637?s=46,-,-,wyatvgc,,Floette-Eternal-Mega,Salamence-Mega,Volcarona,Rillaboom,Gholdengo,Kingambit,,MC206
MC205,DjSanders' Garchomp-Z Sylveon Team,,DjSanders,,,,Garchompite Z,,,Sitrus Berry,,,Leftovers,,,Miracle Seed,,,Grassy Seed,,,Fairy Feather,,https://pokepast.es/ad11cad6ec6b68f7,Yes,Extracted,✔,08JDM972A5,13 Sep 2026,-,,Discord Submission,-,-,DjSanders,,Garchomp-Mega-Z,Incineroar,Milotic,Rillaboom,Sneasler,Sylveon,,MC205
MC204,squishvgc's Triple Terrain Team,,squishvgc,,,,Lucarionite Z,,,Sitrus Berry,,,Choice Scarf,,,Miracle Seed,,,Life Orb,,,Rocky Helmet,,https://pokepast.es/4e238aef62574bf3,Yes,Extracted,✔,UUUM823R3G,13 Sep 2026,-,,https://x.com/squishisquashi/status/2098843068782829716?s=46,-,-,squishisquashi,,Lucario-Mega-Z,Incineroar,Pelipper,Rillaboom,Pincurchin,Indeedee-F,,MC204
MC203,krlos_cb's Blastoise Camerupt Team,,krlos_cb,,,,Blastoisinite,,,Cameruptite,,,Miracle Seed,,,Grassy Seed,,,Life Orb,,,Focus Sash,,https://pokepast.es/5a8934668d366537,Yes,Extracted,✔,YJMHN5TTVR,13 Sep 2026,-,,https://x.com/krlos_cb/status/2098816639047237721?s=46,-,-,krlos_cb,,Blastoise-Mega,Camerupt-Mega,Rillaboom,Sneasler,Farigiraf,Kingambit,,MC203
MC202,emeotaah's Salamence Golisopod Team,,emeotaah,,,,Golisopite,,,Salamencite,,,Choice Scarf,,,Leftovers,,,Focus Sash,,,Life Orb,,https://pokepast.es/69bd51af4fde93dc,Yes,Extracted,✔,92UTSP0CH5,13 Sep 2026,-,,https://x.com/emeotaah/status/2098810332189753587?s=46,-,-,emeotaah,,Golisopod-Mega,Salamence-Mega,Arcanine-Hisui,Rillaboom,Pawmot,Gholdengo,,MC202
MC201,Elm's Salamence Floette Psyspam Team,,Motochika Nabeshima,,,,Floettite,,,Salamencite,,,Focus Sash,,,White Herb,,,Psychic Seed,,,Chople Berry,,https://pokepast.es/8ba4c9c260b8e9ae,Yes,Extracted,✔,P0132G0K6S,13 Sep 2026,-,,https://x.com/elm_motochika/status/2098814867964879229?s=46,-,-,elm_motochika,,Floette-Eternal-Mega,Salamence-Mega,Armarouge,Sneasler,Indeedee-F,Kingambit,,MC201
MC200,mofumofunatsuhi's Tera Square Offline Meetup #2 Team,,mofumofunatsuhi,,,,Froslassite,,,Garchompite Z,,,Sitrus Berry,,,Miracle Seed,,,Focus Sash,,,Occa Berry,,https://pokepast.es/f85b026e5b0e6567,Yes,Extracted,✔,DCJBEX6M9Y,13 Sep 2026,-,,https://x.com/mofumofunatsuhi/status/2098843188337533207?s=46,-,-,mofumofunatsuhi,,Froslass-Mega,Garchomp-Mega-Z,Incineroar,Rillaboom,Pawmot,Kingambit,,MC200
MC199,Justin's Salamence Sand Team,,Justin Cerioni,,,,Salamencite,,,Tyranitarite,,,Sitrus Berry,,,Miracle Seed,,,Focus Sash,,,Life Orb,,https://pokepast.es/9144f9e5950aaa23,Yes,Extracted,✔,XUA54FGRYJ,13 Sep 2026,-,,https://x.com/byte_v24/status/2098868521056784542?s=46,-,-,byte_v24,,Salamence-Mega,Tyranitar-Mega,Milotic,Rillaboom,Excadrill,Gholdengo,,MC199
MC198,katsumaji's Staraptor Armarouge Team,,katsumaji,,,,Staraptite,,,Choice Scarf,,,Focus Sash,,,Expert Belt,,,Rocky Helmet,,,Occa Berry,,https://pokepast.es/843abb0faf6aa3e4,Yes,Extracted,✔,HEFTFWTKLL,12 Sep 2026,-,,https://x.com/katsumaji/status/2098772159208517899?s=46,-,-,katsumaji,,Staraptor-Mega,Armarouge,Basculegion,Glimmora,Indeedee-F,Kingambit,,MC198
MC197,Enje's Charizard-Y Gardevoir Team,,Nicholas Johnson,,,,Charizardite Y,,,Gardevoirite,,,Wide Lens,,,Psychic Seed,,,Sitrus Berry,,,Life Orb,,https://pokepast.es/8bc91085c2883385,Yes,Extracted,✔,6VWC9QSSPX,12 Sep 2026,-,,https://x.com/enjevgc/status/2098795097580015680?s=46,-,-,enjevgc,,Charizard-Mega-Y,Gardevoir-Mega,Venusaur,Sneasler,Indeedee-F,Garchomp,,MC197
MC196,re_Takeshi_'s Devils Den #89 Runner Up Team,,re_Takeshi_,,,,Golisopite,,,Chople Berry,,,Sitrus Berry,,,Miracle Seed,,,Choice Scarf,,,Leftovers,,https://pokepast.es/4bfce88ce42a966a,Yes,Extracted,✔,TUP1DWYLK9,12 Sep 2026,Devils Den #89,Runner Up,https://x.com/re_Takeshi_/status/2098658025099665645?s=20,-,https://play.limitlesstcg.com/tournament/6aa08a28ab080c8c957fe7e0/standings,re_Takeshi_,,Golisopod-Mega,Incineroar,Pelipper,Rillaboom,Annihilape,Archaludon,,MC196
MC195,DomingoVGC's Devils Den #89 Top 8 Team,,Damahni Palmer,,,,Golisopite,,,Salamencite,,,Life Orb,,,Focus Sash,,,Colbur Berry,,,Chople Berry,,https://pokepast.es/9e93297449f0ea74,Yes,Extracted,✔,HL8WHRG0GE,12 Sep 2026,Devils Den #89,5th,https://x.com/DmanVGC/status/2098766255587012743?s=20,-,https://play.limitlesstcg.com/tournament/6aa08a28ab080c8c957fe7e0/standings,DmanVGC,,Golisopod-Mega,Salamence-Mega,Pelipper,Pawmot,Farigiraf,Kingambit,,MC195
MC194,Sidi I. Haidala's Chacho Cup #3 Champion Team,,Sidi I. Haidala,,,,Salamencite,,,Sitrus Berry,,,Miracle Seed,,,Grassy Seed,,,Chople Berry,,,Life Orb,,https://pokepast.es/a634bf11f53735ba,Yes,Extracted,✔,F8LK7PE99D,12 Sep 2026,Chacho Cup #3,Champion,https://x.com/mrsidi5/status/2098791295808356592?s=46,-,https://play.limitlesstcg.com/tournament/6a9eaf6ca4272c53be649abf/standings,mrsidi5,,Salamence-Mega,Milotic,Rillaboom,Sneasler,Tyranitar,Gholdengo,,MC194
MC193,ikorin_poke's Golisopod Psyspam Team,,ikorin_poke,,,,Golisopite,,,Twisted Spoon,,,Choice Scarf,,,Psychic Seed,,,Rocky Helmet,,,Fairy Feather,,https://pokepast.es/79fc59b9540aa76f,Yes,Extracted,✔,M9QQESP9MV,12 Sep 2026,-,,https://x.com/ikorin_poke/status/2098767069944918477?s=20,-,-,ikorin_poke,,Golisopod-Mega,Armarouge,Basculegion,Sneasler,Indeedee-F,Sylveon,,MC193
MC192,Alejandro's Salamence Absol-Z Team,,Alejandro,,,,Absolite Z,,,Salamencite,,,Sitrus Berry,,,Leftovers,,,Wide Lens,,,Life Orb,,https://pokepast.es/12c7b27a8e53ed9c,Yes,Extracted,✔,1GN0R3JLW4,12 Sep 2026,-,,https://x.com/AlejandroFdz_/status/2098769004491849837?s=20,-,-,AlejandroFdz_,,Absol-Mega-Z,Salamence-Mega,Incineroar,Milotic,Tsareena,Gholdengo,,MC192
MC191,PiyoLily145's Salamence Lucario-Z Team,,PiyoLily145,,,,Lucarionite Z,,,Salamencite,,,Focus Sash,,,Life Orb,,,Miracle Seed,,,Fairy Feather,,https://pokepast.es/5a82e9d03b9d6cc2,Yes,Extracted,✔,2Y87TU5RF9,12 Sep 2026,-,,https://x.com/PiyoLily145/status/2098781514721034340?s=20,-,-,PiyoLily145,,Lucario-Mega-Z,Salamence-Mega,Arcanine-Hisui,Basculegion,Rillaboom,Sylveon,,MC191
MC190,zeen's Salamence Pawmot Team,,Shohei Kimura,,,,Salamencite,,,Focus Sash,,,Sitrus Berry,,,Miracle Seed,,,Life Orb,,,Chople Berry,,https://pokepast.es/8ef29e6c905c1699,Yes,Extracted,✔,E5HEB51MUQ,12 Sep 2026,-,,https://x.com/zeen172M/status/2098778526753431795?s=20,-,-,zeen172M,,Salamence-Mega,Arcanine-Hisui,Basculegion,Rillaboom,Pawmot,Kingambit,,MC190
MC189,BTrickroomZ's Garchomp-Z Metagross Team,,Yuta Ishigaki,,,,Garchompite Z,,,Metagrossite,,,Sitrus Berry,,,Grassy Seed,,,Miracle Seed,,,White Herb,,https://pokepast.es/668502969512b159,Yes,Extracted,✔,PGARJCNDJJ,12 Sep 2026,Video,,https://x.com/btrickroomz/status/2098762312920580143?s=46,youtube.com/live/XhMWDd-Fl6Y?si=va1U1jZwTqTkgcam,-,btrickroomz,,Garchomp-Mega-Z,Metagross-Mega,Incineroar,Volcarona,Rillaboom,Sneasler,,MC189
MC188,Eclair_EqualAir's Tera Square Offline Meetup #2 Top 4 Team,,Eclair_EqualAir,,,,Lucarionite Z,,,Salamencite,,,Life Orb,,,Psychic Seed,,,Colbur Berry,,,Fairy Feather,,https://pokepast.es/76a971cc5c997172,Yes,Extracted,✔,QD8979FGEC,12 Sep 2026,Tera Square Offline Meetup #2,Top 4,https://x.com/Eclair_EqualAir/status/2098723565273280848?s=20,-,-,Eclair_EqualAir,,Lucario-Mega-Z,Salamence-Mega,Armarouge,Sneasler,Indeedee-F,Sylveon,,MC188
MC187,poke_sky39's Tera Square Offline Meetup #2 Top 16 Team,,poke_sky39,,,,Floettite,,,Salamencite,,,Life Orb,,,Sitrus Berry,,,Focus Sash,,,Leftovers,,https://pokepast.es/eedf279fbc3ad845,Yes,Extracted,✔,HBP260F81K,13 Sep 2026,Tera Square Offline Meetup #2,9th,https://x.com/poke_sky39/status/2098897864210735581?s=46,-,-,poke_sky39,,Floette-Eternal-Mega,Salamence-Mega,Basculegion,Rillaboom,Kingambit,Archaludon,,MC187
MC186,arubega's Tera Square Offline Meetup #2 Team,,Hiroto Hayasaki,,,,Floettite,,,Salamencite,,,Rocky Helmet,,,Miracle Seed,,,Focus Sash,,,Life Orb,,https://pokepast.es/50b078e2f8b2900d,Yes,Extracted,✔,TV60BSCTYN,14 Sep 2026,Tera Square Offline Meetup #2,,https://x.com/arubega_poke/status/2099282085647360049?s=46,-,-,arubega_poke,,Floette-Eternal-Mega,Salamence-Mega,Volcarona,Rillaboom,Sneasler,Kingambit,,MC186
MC185,yuki_mpm's Tera Square Offline Meetup #2 Team,,yuki_mpm,,,,Garchompite Z,,,Metagrossite,,,Leftovers,,,Life Orb,,,Grassy Seed,,,Focus Sash,,https://pokepast.es/e3bbfefb252a130d,Yes,Extracted,✔,EJW0ASN15D,13 Sep 2026,Tera Square Offline Meetup #2,,https://x.com/yuki_mpm/status/2099143016405733634?s=20,-,-,yuki_mpm,,Garchomp-Mega-Z,Metagross-Mega,Milotic,Rillaboom,Sneasler,Kingambit,,MC185
MC184,max_Zi_ma's Tera Square Offline Meetup #2 Team,,max_Zi_ma,,,,Salamencite,,,Tyranitarite,,,Miracle Seed,,,Focus Sash,,,Grassy Seed,,,Life Orb,,https://pokepast.es/73e5d6533b781089,Yes,Extracted,X,None,12 Sep 2026,Tera Square Offline Meetup #2,,https://x.com/max_Zi_ma/status/2098674822918406454?s=20,-,-,max_Zi_ma,,Salamence-Mega,Tyranitar-Mega,Rillaboom,Excadrill,Sneasler,Gholdengo,,MC184
MC183,toshiniki's Tera Square Offline Meetup #2 Team,,toshiniki,,,,Gardevoirite,,,Golisopite,,,Life Orb,,,White Herb,,,Psychic Seed,,,Rocky Helmet,,https://pokepast.es/2436424b11b702d9,Yes,Extracted,✔,BR57D9M2GG,12 Sep 2026,Tera Square Offline Meetup #2,,https://x.com/Toshi_kyogre/status/2098665261557850446?s=20,-,-,Toshi_kyogre,,Gardevoir-Mega,Golisopod-Mega,Armarouge,Sneasler,Thievul,Indeedee-F,,MC183
MC182,Torviv's Tera Square Offline Meetup #2 Team,,Víctor Medina,,,,Floettite,,,Staraptite,,,Sitrus Berry,,,Focus Sash,,,Occa Berry,,,Life Orb,,https://pokepast.es/6534595ea1b752f8,Yes,Extracted,✔,C01R9UF7S2,12 Sep 2026,Tera Square Offline Meetup #2,,https://x.com/torvivvgc/status/2098703312090718251?s=46,-,-,torvivvgc,,Floette-Eternal-Mega,Staraptor-Mega,Incineroar,Zoroark-Hisui,Whimsicott,Gholdengo,,MC182
MC181,horsea_tatsuomi's Tsuk Off #26 Team,,horsea_tatsuomi,,,,Floettite,,,Garchompite Z,,,Sitrus Berry,,,Life Orb,,,Focus Sash,,,Black Glasses,,https://pokepast.es/e328f6becb7a8d35,Yes,Extracted,✔,3VTL67241W,12 Sep 2026,Tsuk Off #26,,https://x.com/horsea_tatsuomi/status/2098683834518913286?s=20,-,-,horsea_tatsuomi,,Floette-Eternal-Mega,Garchomp-Mega-Z,Incineroar,Rillaboom,Sneasler,Kingambit,,MC181
MC180,Gardevoir_377's Garchomp-Z Scrafty Team,,Gardevoir_377,,,,Garchompite Z,,,Focus Sash,,,Leftovers,,,Miracle Seed,,,Sharp Beak,,,Life Orb,,https://pokepast.es/098ae48a631c4038,Yes,Extracted,✔,EMMGJSP2TQ,12 Sep 2026,-,,https://x.com/gardevoir_377/status/2098710866845978625?s=46,-,-,gardevoir_377,,Garchomp-Mega-Z,Arcanine-Hisui,Milotic,Rillaboom,Scrafty,Gholdengo,,MC180
MC179,luixens' Salamence Gengar Team,,luixens,,,,Gengarite,,,Salamencite,,,Rocky Helmet,,,Leftovers,,,Focus Sash,,,Life Orb,,https://pokepast.es/eb89982a260f186e,Yes,Extracted,✔,37T7MMB5RM,12 Sep 2026,-,,https://x.com/luixens/status/2098709330186940595?s=46,-,-,luixens,,Gengar-Mega,Salamence-Mega,Rillaboom,Annihilape,Weavile,Garchomp,,MC179
MC178,luixens' Garchomp-Z Psyspam Team,,luixens,,,,Garchompite Z,,,Tyranitarite,,,Focus Sash,,,Psychic Seed,,,Choice Scarf,,,Leftovers,,https://pokepast.es/4c9ef5756ec19d8c,Yes,Extracted,✔,U163UFVG9H,12 Sep 2026,-,,https://x.com/luixens/status/2098709330186940595?s=46,-,-,luixens,,Garchomp-Mega-Z,Tyranitar-Mega,Excadrill,Sneasler,Indeedee,Corviknight,,MC178
MC177,homura_kurenai_'s Raichu-Y Goliosopod Team,,homura_kurenai_,,,,Golisopite,,,Raichunite Y,,,Sitrus Berry,,,Leftovers,,,Miracle Seed,,,Life Orb,,https://pokepast.es/fc5a33abdd155ca3,Yes,Extracted,✔,F53ERXUPKQ,12 Sep 2026,-,,https://x.com/homura_kurenai_/status/2098622636737609739?s=46,-,-,homura_kurenai_,,Golisopod-Mega,Raichu-Mega-Y,Incineroar,Milotic,Rillaboom,Kingambit,,MC177
MC176,drexrg's Gardevoir Salamence Team,,drexrg,,,,Gardevoirite,,,Salamencite,,,Sitrus Berry,,,Life Orb,,,Psychic Seed,,,Focus Sash,,https://pokepast.es/a4fd7f400e9b4e49,Yes,Extracted,✔,BEBE5Q7MTE,12 Sep 2026,-,,https://x.com/drexrg/status/2098512955113390124?s=46,-,-,drexrg,,Gardevoir-Mega,Salamence-Mega,Incineroar,Rillaboom,Indeedee-F,Kingambit,,MC176
MC175,nshf_psm3's Salamence Absol-Z Team,,nshf_psm3,,,,Absolite Z,,,Salamencite,,,Focus Sash,,,Miracle Seed,,,Grassy Seed,,,Life Orb,,https://pokepast.es/e558d7755eb58e36,Yes,Extracted,✔,TA0D9KY01Q,12 Sep 2026,-,,https://x.com/nshf_psm3/status/2098521810073423951?s=46,-,-,nshf_psm3,,Absol-Mega-Z,Salamence-Mega,Arcanine-Hisui,Rillaboom,Farigiraf,Gholdengo,,MC175
MC174,zerosiki0909's Gardevoir Sneasler Team,,zerosiki0909,,,,Gardevoirite,,,Charcoal,,,Focus Sash,,,Psychic Seed,,,Rocky Helmet,,,Chople Berry,,https://pokepast.es/a719c9e52c55cc43,Yes,Extracted,✔,BRYQ42F0EG,12 Sep 2026,-,,https://x.com/zerosiki0909/status/2098517726935548258?s=46,-,-,zerosiki0909,,Gardevoir-Mega,Talonflame,Basculegion,Sneasler,Indeedee-F,Kingambit,,MC174
MC173,clutchmcgutch15's Golisopod Swampert Team,,clutchmcgutch15,,,,Golisopite,,,Swampertite,,,Focus Sash,,,Miracle Seed,,,White Herb,,,Psychic Seed,,https://pokepast.es/a2ac4752cf943441,Yes,Extracted,✔,WDSKVB25L5,12 Sep 2026,-,,https://x.com/clutchmcgutch15/status/2098596236895137809?s=46,-,-,clutchmcgutch15,,Golisopod-Mega,Swampert-Mega,Pelipper,Rillaboom,Sneasler,Indeedee-F,,MC173
MC172,PokeReplaysVGC's Salamence Farigiraf Team,,Adam Wright,,,,Salamencite,,,Focus Sash,,,Miracle Seed,,,Grassy Seed,,,Sitrus Berry,,,Life Orb,,https://pokepast.es/b2d0e7f2f14c59e4,Yes,Owner's,X,None,12 Sep 2026,-,,https://x.com/pokereplaysvgc/status/2098590617953554487?s=46,-,-,pokereplaysvgc,,Salamence-Mega,Arcanine-Hisui,Rillaboom,Sneasler,Farigiraf,Kingambit,,MC172
MC171,Viera's Garchomp-Z Golisopod Team,,Shoma Honami,,,,Garchompite Z,,,Golisopite,,,Focus Sash,,,Miracle Seed,,,Grassy Seed,,,Life Orb,,https://pokepast.es/199e4fdf392315b2,Yes,Extracted,✔,UYD2PNPAD6,11 Sep 2026,-,,https://x.com/SHADEviera/status/2098436528586506703,https://youtu.be/q0wUhAueQfo?si=XP2M7uW2TSp8v0Yp,-,SHADEviera,,Garchomp-Mega-Z,Golisopod-Mega,Arcanine-Hisui,Rillaboom,Sneasler,Kingambit,,MC171
MC170,alcana's Garchomp-Z Volcarona Team,,Kiwamu Endo,,,,Garchompite Z,,,Rocky Helmet,,,Life Orb,,,Focus Sash,,,Coba Berry,,,Chople Berry,,https://pokepast.es/3c1a31d2282e8246,Yes,Extracted,✔,5U61WWETEM,11 Sep 2026,Video,,https://x.com/alcana_10906,https://youtu.be/c-91Sh2Ew_s?si=neHxkysyGBUej44p,-,alcana_10906,,Garchomp-Mega-Z,Volcarona,Basculegion,Glimmora,Whimsicott,Kingambit,,MC170
MC169,sectoniaservant's Salamence Sand Team,,sectoniaservant,,,,Salamencite,,,Tyranitarite,,,Sitrus Berry,,,Mystic Water,,,Miracle Seed,,,Life Orb,,https://pokepast.es/c8f60c5168bd6a83,Yes,Extracted,✔,FN17YL2SU2,11 Sep 2026,-,,https://x.com/sectoniaservant/status/2098530471646761023?s=46,-,-,sectoniaservant,,Salamence-Mega,Tyranitar-Mega,Incineroar,Basculegion,Rillaboom,Gholdengo,,MC169
MC168,starportal_'s Salamence Lucario-Z Team,,starportal_,,,,Lucarionite Z,,,Salamencite,,,Sitrus Berry,,,Leftovers,,,Occa Berry,,,Colbur Berry,,https://pokepast.es/dad21fdac630175b,Yes,Extracted,✔,VDKQ2DJ60H,11 Sep 2026,-,,https://x.com/starportal_/status/2098578980009869348?s=46,-,-,starportal_,,Lucario-Mega-Z,Salamence-Mega,Incineroar,Primarina,Rillaboom,Farigiraf,,MC168
MC167,joshg0tti1's Salamence Golisopod Team,,joshg0tti1,,,,Golisopite,,,Salamencite,,,Choice Scarf,,,Miracle Seed,,,White Herb,,,Grassy Seed,,https://pokepast.es/4c6eb1d0d2cbb3f3,Yes,Extracted,✔,88SS6FLWBS,11 Sep 2026,-,,https://x.com/joshg0tti1/status/2098535115039064244?s=46,-,-,joshg0tti1,,Golisopod-Mega,Salamence-Mega,Basculegion,Rillaboom,Sneasler,Farigiraf,,MC167
MC166,Sarapoke0914's Salamence Sand Team,,Sarapoke0914,,,,Salamencite,,,Focus Sash,,,Psychic Seed,,,Choice Scarf,,,Twisted Spoon,,,Life Orb,,https://pokepast.es/6c4aaf8c40a3f736,Yes,Extracted,✔,VXDPWBSRBS,11 Sep 2026,-,,https://x.com/Sarapoke0914/status/2097579242456551586?s=20,-,-,Sarapoke0914,,Salamence-Mega,Excadrill,Sneasler,Tyranitar,Indeedee,Kingambit,,MC166
MC165,Sarapoke0914's Blastoise Psyspam Team,,Sarapoke0914,,,,Blastoisinite,,,Life Orb,,,Psychic Seed,,,Colbur Berry,,,Focus Sash,,,Leftovers,,https://pokepast.es/d4087f1527d4e0bc,Yes,Extracted,✔,EFC1AHAE60,11 Sep 2026,-,,https://x.com/sarapoke0914/status/2098607195189637433?s=46,-,-,sarapoke0914,,Blastoise-Mega,Delphox,Sneasler,Indeedee-F,Kingambit,Kommo-o,,MC165
MC164,Panda & SwampVGC's Gardevoir Sun Team,,Justin Tang,,,,Charizardite Y,,,Gardevoirite,,,Choice Scarf,,,Focus Sash,,,Psychic Seed,,,Colbur Berry,,https://pokepast.es/d0ee4dbd575e2250,Yes,Owner's,✔,X9G48T91TN,11 Sep 2026,Video,,https://x.com/unironicpanda/status/2098520556664471897?s=46,https://www.youtube.com/watch?v=ajFJwYqz0hI,-,unironicpanda,,Charizard-Mega-Y,Gardevoir-Mega,Basculegion,Venusaur,Sneasler,Indeedee-F,,MC164
MC163,Justin's Baxcalibur Gogoat Team,,Justin Cerioni,,,,Baxcalibrite,,,Grassy Seed,,,Leftovers,,,Sitrus Berry,,,Miracle Seed,,,Focus Sash,,https://pokepast.es/b1e193478a17c829,Yes,Extracted,✔,UD523JVASY,11 Sep 2026,-,,https://x.com/Byte_v24/status/2098519254500827485?s=20,-,-,Byte_v24,,Baxcalibur-Mega,Ceruledge,Milotic,Gogoat,Rillaboom,Sneasler,,MC163
MC162,mimictavern's Gardevoir Sand Team,,mimictavern,,,,Gardevoirite,,,Tyranitarite,,,Life Orb,,,Focus Sash,,,Psychic Seed,,,Rocky Helmet,,https://pokepast.es/4ebc34b995c1cba6,Yes,Extracted,✔,US3A4EN5DA,11 Sep 2026,-,,https://x.com/mimictavern/status/2098459181774750036?s=20,-,-,mimictavern,,Gardevoir-Mega,Tyranitar-Mega,Armarouge,Excadrill,Sneasler,Indeedee-F,,MC162
MC161,MeK191817's Charizard-Y Sneasler Team,,MeK191817,,,,Charizardite Y,,,Sitrus Berry,,,Psychic Seed,,,Focus Sash,,,Life Orb,,,Roseli Berry,,https://pokepast.es/a1338edf35719660,Yes,Extracted,✔,804BR1KR27,11 Sep 2026,-,,https://x.com/MeK191817/status/2098403474555957484?s=20,-,-,MeK191817,,Charizard-Mega-Y,Incineroar,Sneasler,Indeedee,Baxcalibur,Garchomp,,MC161
MC160,CookedCatfish's Triple Terrain Team,,CookedCatfish,,,,Blastoisinite,,,Lucarionite Z,,,Miracle Seed,,,Focus Sash,,,Life Orb,,,Psychic Seed,,https://pokepast.es/0f4ac087557f8301,Yes,Extracted,✔,0JPEGSWCR3,11 Sep 2026,-,,https://x.com/DevinTLegend/status/2098416811104502046?s=20,-,-,CookedCatfish,,Blastoise-Mega,Lucario-Mega-Z,Rillaboom,Pincurchin,Raichu-Alola,Indeedee-F,,MC160
MC159,Aediion_'s Dragalge Empoleon Team,,Aediion_,,,,Dragalgite,,,Metagrossite,,,Sitrus Berry,,,Rocky Helmet,,,Miracle Seed,,,Grassy Seed,,https://pokepast.es/94cb88bc739ff2af,Yes,Extracted,X,None,11 Sep 2026,-,,https://x.com/Aediion_/status/2098255182073393483?s=20,-,-,Aediion_,,Dragalge-Mega,Metagross-Mega,Incineroar,Empoleon,Rillaboom,Sneasler,,MC159
MC158,Xena's Salamence Floette Team,,Xena,,,,Floettite,,,Salamencite,,,Sitrus Berry,,,Miracle Seed,,,Focus Sash,,,Life Orb,,https://pokepast.es/983fa284e2d45493,Yes,Extracted,✔,VHTLD7XAWR,11 Sep 2026,-,,https://x.com/Xenagaming248/status/2098395233235120512?s=20,-,-,Xenagaming248,,Floette-Eternal-Mega,Salamence-Mega,Incineroar,Rillaboom,Sneasler,Kingambit,,MC158
MC157,Tukibiya_Moeru's Meowstic Cinderace Team,,Tukibiya_Moeru,,,,Meowsticite,,,Focus Sash,,,White Herb,,,Psychic Seed,,,Choice Scarf,,,Sitrus Berry,,https://pokepast.es/78f9ef4e502c61d7,Yes,Extracted,✔,RTY8SSU31N,11 Sep 2026,-,,https://x.com/Tukibiya_Moeru/status/2098343036073947182?s=20,-,-,Tukibiya_Moeru,,Meowstic-F-Mega,Armarouge,Cinderace,Sneasler,Zoroark,Indeedee-F,,MC157
MC156,FranDrawer03's Baxcalibur Skeledirge Team,,FranDrawer03,,,,Baxcalibrite,,,Leftovers,,,White Herb,,,Miracle Seed,,,Grassy Seed,,,Light Clay,,https://pokepast.es/961f0667b90b830c,Yes,Extracted,✔,PU0CVYXHFQ,11 Sep 2026,-,,https://x.com/FranDrawer03/status/2098431168257433678?s=20,-,-,FranDrawer03,,Baxcalibur-Mega,Skeledirge,Gyarados,Rillaboom,Sneasler,Ninetales-Alola,,MC156
MC155,Trick Room's Salamence Sirfetch'd Team,,Trick Room,,,,Salamencite,,,Focus Sash,,,Life Orb,,,Coba Berry,,,Fairy Feather,,,Choice Scarf,,https://pokepast.es/f4c6b857affab3fe,Yes,Extracted,✔,M8BH77EPAX,11 Sep 2026,-,,https://x.com/TR_PkmChampions/status/2098369090586837333?s=20,-,-,TR_PkmChampions,,Salamence-Mega,Armarouge,Sirfetch'd,Whimsicott,Mimikyu,Archaludon,,MC155
MC154,C_Bass365's Salamence Sylveon Team,,C_Bass365,,,,Salamencite,,,Tyranitarite,,,Life Orb,,,Focus Sash,,,Psychic Seed,,,Fairy Feather,,https://pokepast.es/f7ff9bfff5a4b86a,Yes,Extracted,✔,ML3BWUF1SL,11 Sep 2026,-,,https://x.com/C_Bass365/status/2098401053536555336?s=20,-,-,C_Bass365,,Salamence-Mega,Tyranitar-Mega,Armarouge,Excadrill,Indeedee-F,Sylveon,,MC154
MC153,Skraw's Golisopod Blaziken Team,,Jacob Mortenson,,,,Blazikenite,,,Golisopite,,,Grassy Seed,,,Miracle Seed,,,Focus Sash,,,Sitrus Berry,,https://pokepast.es/f4b304e150df0927,Yes,Extracted,✔,B3P0DSYH06,11 Sep 2026,-,,https://x.com/JacobSkraw/status/2098479727002398962?s=20,-,-,JacobSkraw,,Blaziken-Mega,Golisopod-Mega,Milotic,Rillaboom,Lycanroc-Dusk,Farigiraf,,MC153
MC152,PathogenVGC's Baxcalibur Snow Team,,PathogenVGC,,,,Baxcalibrite,,,Sitrus Berry,,,Life Orb,,,Grassy Seed,,,White Herb,,,Light Ball,,https://pokepast.es/e8e7cf8271e66481,Yes,Extracted,✔,EAKBUVSH66,11 Sep 2026,-,,https://x.com/PathogenVGC/status/2098485983591514480?s=20,-,-,PathogenVGC,,Baxcalibur-Mega,Incineroar,Basculegion,Rillaboom,Sneasler,Ninetales-Alola,,MC152
MC151,oshio_pokemon's Salamence Pyroar Team,,oshio_pokemon,,,,Pyroarite,,,Salamencite,,,Leftovers,,,Miracle Seed,,,Focus Sash,,,Choice Scarf,,https://pokepast.es/667cb69f9c820c84,Yes,Extracted,✔,CEN216LL47,11 Sep 2026,-,,https://x.com/oshio_pokemon/status/2098420875569881282?s=20,-,-,oshio_pokemon,,Pyroar-Mega,Salamence-Mega,Milotic,Rillaboom,Sneasler,Hydreigon,,MC151
MC150,metalderk's Lucario-Z Salamence Team,,metalderk,,,,Lucarionite Z,,,Salamencite,,,Sitrus Berry,,,Focus Sash,,,Miracle Seed,,,Fairy Feather,,https://pokepast.es/c12df6cee74a35fe,Yes,Extracted,✔,XFJXTBMCES,11 Sep 2026,Video,,https://x.com/derkpkmn/status/2098285195166158948?s=20,https://www.youtube.com/watch?v=50bAaSRKrrY,-,derkpkmn,,Lucario-Mega-Z,Salamence-Mega,Incineroar,Basculegion,Rillaboom,Sylveon,,MC150
MC149,KarmaNyx64's Salamence Sand Team,,KarmaNyx64,,,,Salamencite,,,Tyranitarite,,,Focus Sash,,,Psychic Seed,,,Choice Scarf,,,Life Orb,,https://pokepast.es/d5c07cfcb88237b6,Yes,Extracted,✔,VQQY2CHPB6,11 Sep 2026,-,,https://x.com/KarmaNyx64/status/2098492309222387749?s=20,-,-,KarmaNyx64,,Salamence-Mega,Tyranitar-Mega,Excadrill,Sneasler,Indeedee,Gholdengo,,MC149
MC148,Justin's Salamence Floette Team,,Justin Cerioni,,,,Floettite,,,Salamencite,,,Sitrus Berry,,,Miracle Seed,,,Focus Sash,,,Life Orb,,https://pokepast.es/a88b8c2cfc274ab2,Yes,Extracted,✔,GMHVD1A3NJ,11 Sep 2026,-,,https://x.com/byte_v24/status/2098502488806551612?s=46,-,-,byte_v24,,Floette-Eternal-Mega,Salamence-Mega,Incineroar,Rillaboom,Sneasler,Kingambit,,MC148
MC147,Treecko25's Golisopod Rain Team,,Treecko25,,,,Golisopite,,,Swampertite,,,Sitrus Berry,,,Focus Sash,,,Light Clay,,,Leftovers,,https://pokepast.es/cd11d90388e71842,Yes,Owner's,✔,68723DKKQE,11 Sep 2026,-,,Discord Submission,-,-,Treecko25,,Golisopod-Mega,Swampert-Mega,Pelipper,Sneasler,Farigiraf,Archaludon,,MC147
MC146,m_rada13's Alpensee Tour #74 Champion Team,,m_rada13,,,,Gengarite,,,Sitrus Berry,,,Eject Button,,,Leftovers,,,Focus Sash,,,Life Orb,,https://pokepast.es/3ac336df2eb4729b,Yes,Owner's,✔,7F8MM0LD1F,11 Sep 2026,Alpensee Tour #74,Champion,https://x.com/m_rada13/status/2098353125098746176?s=46,-,https://play.limitlesstcg.com/tournament/6a7f315b5a30714095570103/standings,m_rada13,,Gengar-Mega,Incineroar,Rillaboom,Snorlax,Scrafty,Dragonite,,MC146
MC145,Magnetman's Lucario-Z Salamence Team,,Adryan Sutantoso,,,,Lucarionite Z,,,Salamencite,,,Sitrus Berry,,,Life Orb,,,Grassy Seed,,,Fairy Feather,,https://pokepast.es/a96e0b908f220884,Yes,Extracted,✔,HHUALS8V1N,11 Sep 2026,-,,https://x.com/magnetmanvgc/status/2098359460322574374?s=46,-,-,magnetmanvgc,,Lucario-Mega-Z,Salamence-Mega,Incineroar,Basculegion,Rillaboom,Sylveon,,MC145
MC144,m6hn67's Gardevoir Rain Team,,m6hn67,,,,Gardevoirite,,,Choice Scarf,,,Sitrus Berry,,,Psychic Seed,,,Rocky Helmet,,,Leftovers,,https://pokepast.es/bb66ff17a1c4a911,Yes,Extracted,✔,B82VE172P1,11 Sep 2026,-,,https://x.com/m6hn67/status/2098279665446318189?s=46,-,-,m6hn67,,Gardevoir-Mega,Basculegion,Pelipper,Sneasler,Indeedee-F,Archaludon,,MC144
MC143,FedeCampoVGC's Charizard-Y Garchomp-Z Team,,Federico Camporesi,,,,Charizardite Y,,,Garchompite Z,,,Sitrus Berry,,,Life Orb,,,Roseli Berry,,,Focus Sash,,https://pokepast.es/b7354f9c5435d066,Yes,Owner's,✔,RYFCGG9UPX,11 Sep 2026,-,,https://x.com/fedecampovgc/status/2098186926792573352?s=46,-,-,fedecampovgc,,Charizard-Mega-Y,Garchomp-Mega-Z,Incineroar,Venusaur,Malamar,Aegislash,,MC143
MC142,devintlegend's Golisopod Rain Team,,devintlegend,,,,Golisopite,,,Eject Button,,,Life Orb,,,Sitrus Berry,,,Light Clay,,,Leftovers,,https://pokepast.es/56d038403d0e2fd5,Yes,Extracted,✔,3LYS72E7KL,11 Sep 2026,-,,https://x.com/devintlegend/status/2098318164576678053?s=46,-,-,devintlegend,,Golisopod-Mega,Pelipper,Rillaboom,Sinistcha,Grimmsnarl,Archaludon,,MC142
MC141,oshio_pokemon's Gardevoir Blaziken Team,,oshio_pokemon,,,,Blazikenite,,,Gardevoirite,,,Life Orb,,,Miracle Seed,,,Rocky Helmet,,,Occa Berry,,https://pokepast.es/e8d7dc3cd666c904,Yes,Extracted,✔,PEHAFRQ709,11 Sep 2026,-,,https://x.com/oshio_pokemon/status/2098275532580528473?s=46,-,-,oshio_pokemon,,Blaziken-Mega,Gardevoir-Mega,Basculegion,Rillaboom,Indeedee-F,Kingambit,,MC141
MC140,shocari_'s Meowstic Annihilape Team,,shocari_,,,,Meowsticite,,,Life Orb,,,Charcoal,,,Sitrus Berry,,,Rocky Helmet,,,Lum Berry,,https://pokepast.es/255014711fdca563,Yes,Extracted,X,None,11 Sep 2026,-,,https://x.com/shocari_/status/2098161683680186500?s=46,-,-,shocari_,,Meowstic-F-Mega,Arcanine-Hisui,Torkoal,Annihilape,Indeedee-F,Farigiraf,,MC140
MC139,starfish0206's Salamence Floette Team,,starfish0206,,,,Floettite,,,Salamencite,,,Sitrus Berry,,,Miracle Seed,,,Grassy Seed,,,Focus Sash,,https://pokepast.es/5d8e24080b6d3200,Yes,Extracted,✔,PMMKYST03D,11 Sep 2026,-,,https://x.com/starfish0206/status/2098211715313971221?s=46,-,-,starfish0206,,Floette-Eternal-Mega,Salamence-Mega,Incineroar,Rillaboom,Sneasler,Kingambit,,MC139
MC138,paperrr748's Salamence Froslass Team,,paperrr748,,,,Froslassite,,,Salamencite,,,Leftovers,,,Life Orb,,,Focus Sash,,,Black Glasses,,https://pokepast.es/9d40e2fb846322b9,Yes,Extracted,✔,C8PTLS1X3C,11 Sep 2026,-,,https://x.com/paperrr748/status/2098281009666240702?s=46,-,-,paperrr748,,Froslass-Mega,Salamence-Mega,Milotic,Rillaboom,Sneasler,Kingambit,,MC138
MC137,DragonairJordan's Salamence Glimmora Team,,Elijah Gardner,,,,Glimmoranite,,,Salamencite,,,Choice Scarf,,,Miracle Seed,,,Focus Sash,,,Chople Berry,,https://pokepast.es/5b557e03f197828e,Yes,Extracted,✔,FJ5SKX8BY7,11 Sep 2026,-,,https://x.com/dragonairj/status/2098294116530401583?s=46,-,-,dragonairj,,Glimmora-Mega,Salamence-Mega,Basculegion,Rillaboom,Pawmot,Kingambit,,MC137
MC136,smallyee's Salamence Arcanine-H Team,,Wang Yi-Liang,,,,Salamencite,,,Focus Sash,,,Mystic Water,,,Miracle Seed,,,Grassy Seed,,,Chople Berry,,https://pokepast.es/bad1f0554790c541,Yes,Owner's,X,None,10 Sep 2026,-,,https://x.com/smallyeevgc/status/2098274913887097234?s=46,-,-,smallyeevgc,,Salamence-Mega,Arcanine-Hisui,Basculegion,Rillaboom,Sneasler,Kingambit,,MC136
MC135,Moonstone's Salamence Pawmot Team,,Moonstone,,,,Floettite,,,Salamencite,,,Chople Berry,,,Miracle Seed,,,Focus Sash,,,Grassy Seed,,https://pokepast.es/adae5bcd485f81df,Yes,Extracted,✔,L3UMR0SKTD,10 Sep 2026,-,,https://x.com/MoonstoneCG/status/2097889203262533862?s=20,-,-,MoonstoneCG,,Floette-Eternal-Mega,Salamence-Mega,Incineroar,Rillaboom,Pawmot,Gholdengo,,MC135
MC134,Kazeno_shion's Lucario-Z Garchomp-Z Team,,Kazeno_shion,,,,Aerodactylite,,,Garchompite Z,,,Lucarionite Z,,,Sitrus Berry,,,Miracle Seed,,,Choice Scarf,,https://pokepast.es/e638bc044d3cb47f,Yes,Extracted,✔,PFG8J8EJHQ,10 Sep 2026,-,,https://x.com/Kazeno_shion/status/2098210473665818946?s=20,-,-,Kazeno_shion,,Aerodactyl-Mega,Garchomp-Mega-Z,Lucario-Mega-Z,Incineroar,Rillaboom,Pawmot,,MC134
MC133,Ste's Aerodactyl Lucario-Z Team,,Stefano Greppi,,,,Aerodactylite,,,Lucarionite Z,,,Sitrus Berry,,,Choice Scarf,,,Miracle Seed,,,Fairy Feather,,https://pokepast.es/5d77ccc3504a01b1,Yes,Extracted,✔,YAP6ST51SY,10 Sep 2026,-,,https://x.com/Ssteccaa/status/2098195674244284870?s=20,-,-,Ssteccaa,,Aerodactyl-Mega,Lucario-Mega-Z,Incineroar,Basculegion,Rillaboom,Sylveon,,MC133
MC132,NatusPKMN's Gengar Tinkaton Team,,Nate Innocenti,,,,Gengarite,,,Passho Berry,,,Life Orb,,,Focus Sash,,,Never-Melt Ice,,,Eject Button,,https://pokepast.es/af730dd6acb60086,Yes,Extracted,✔,THVYCHSLCG,10 Sep 2026,-,,https://x.com/NatusPKMN/status/2098204866090876933?s=20,-,-,NatusPKMN,,Gengar-Mega,Incineroar,Rillaboom,Pawmot,Ninetales-Alola,Tinkaton,,MC132
MC131,KingYabber's Scizor Archaludon Team,,KingYabber,,,,Salamencite,,,Scizorite,,,Grassy Seed,,,Focus Sash,,,Sitrus Berry,,,Leftovers,,https://pokepast.es/b230239de70d9692,Yes,Extracted,✔,952A1FPCQL,10 Sep 2026,-,,https://x.com/KingYabber/status/2098210110241972425?s=20,-,-,KingYabber,,Salamence-Mega,Scizor-Mega,Incineroar,Pelipper,Rillaboom,Archaludon,,MC131
MC130,Xeminan's Salamence Sinistcha Team,,Joe Brown,,,,Salamencite,,,Sitrus Berry,,,Leftovers,,,White Herb,,,Colbur Berry,,,Chople Berry,,https://pokepast.es/7c166d2b0e0957f2,Yes,Extracted,✔,078CC72JFA,10 Sep 2026,-,,https://x.com/Xeminan/status/2098148819162530238?s=20,https://youtu.be/pxN2p8H0gGQ?si=SdKEPaVQ3-u7XtNj,-,Xeminan,,Salamence-Mega,Incineroar,Milotic,Sneasler,Sinistcha,Kingambit,,MC130
MC129,WayneYu's Garchomp-Z Torterra Team,,Wayne Yu,,,,Garchompite Z,,,Lucarionite Z,,,Life Orb,,,Psychic Seed,,,Focus Sash,,,Chople Berry,,https://pokepast.es/02e5603c8656bf06,Yes,Extracted,✔,GQYUPQN7GS,10 Sep 2026,-,,https://x.com/yuwaynezobel/status/2098254136785658212?s=20,-,-,yuwaynezobel,,Garchomp-Mega-Z,Lucario-Mega-Z,Torterra,Sneasler,Indeedee,Kingambit,,MC129
MC128,MaineEvent's Baxcalibur Chandelure Team,,Jermaine Mcleod,,,,Baxcalibrite,,,Chople Berry,,,Miracle Seed,,,Grassy Seed,,,Focus Sash,,,Babiri Berry,,https://pokepast.es/b54467e1aa4327e1,Yes,Extracted,✔,SUV4F1B12D,10 Sep 2026,-,,https://x.com/pokemaineevent/status/2098151709377741030?s=46,https://youtu.be/OXvWfUJrG9A?si=ZPS6Jo9LsSseBmow,-,pokemaineevent,,Baxcalibur-Mega,Incineroar,Rillaboom,Sneasler,Chandelure,Ninetales-Alola,,MC128
MC127,Shybaka's Absol-Z Mawile Team,,Shybaka,,,,Absolite Z,,,Mawilite,,,Life Orb,,,Rindo Berry,,,Focus Sash,,,Tanga Berry,,https://pokepast.es/019515d1edb34b3d,Yes,Extracted,X,None,10 Sep 2026,-,,https://x.com/shybaka289/status/2098235252162400486?s=46,-,-,shybaka289,,Absol-Mega-Z,Mawile-Mega,Armarouge,Clawitzer,Zoroark-Hisui,Indeedee-F,,MC127
MC126,dodoriosiriru's Salamence Abomasnow Team,,Hijito Kihara,,,,Abomasite,,,Salamencite,,,Sitrus Berry,,,Life Orb,,,White Herb,,,Mental Herb,,https://pokepast.es/fb6e8f3c9d655db6,Yes,Extracted,✔,9RF8U5WEW9,10 Sep 2026,-,,https://x.com/dodoriosiriru/status/2098245304315437162?s=46,-,-,dodoriosiriru,,Abomasnow-Mega,Salamence-Mega,Incineroar,Mudsdale,Gholdengo,Mimikyu,,MC126
MC125,Cybertron's Golisopod Pawmot Team,,Aaron Zheng,,,,Golisopite,,,Life Orb,,,Focus Sash,,,Choice Scarf,,,Sitrus Berry,,,Chople Berry,,https://pokepast.es/cf1c3a5f7cdeb65a,Yes,Owner's,✔,3F0M59W18V,10 Sep 2026,-,,https://youtu.be/R7y8NvkTq3U?si=DwHf3ZQXaQXN6rC9,-,-,CybertronVGC,,Golisopod-Mega,Politoed,Pawmot,Staraptor,Farigiraf,Kingambit,,MC125
MC124,BTrickroomZ's Baxcalibur Metagross Team,,Yuta Ishigaki,,,,Baxcalibrite,,,Metagrossite,,,Sitrus Berry,,,Choice Scarf,,,Miracle Seed,,,White Herb,,https://pokepast.es/f5b17f03de49b848,Yes,Extracted,✔,NELUS13T1R,10 Sep 2026,-,,https://x.com/btrickroomz/status/2098249111648776395?s=46,-,-,btrickroomz,,Baxcalibur-Mega,Metagross-Mega,Incineroar,Basculegion,Rillaboom,Sneasler,,MC124
MC123,Vasco Anime's Golisopod Mono Steel Team,,Vasco Anime,,,,Chimechite,,,Golisopite,,,Life Orb,,,Choice Scarf,,,Chople Berry,,,Focus Sash,,https://pokepast.es/efddc5627f766a06,Yes,Extracted,✔,YQGWFB874W,10 Sep 2026,-,,https://x.com/vascoanime/status/2098224499409784929?s=46,-,-,vascoanime,,Chimecho-Mega,Golisopod-Mega,Aggron,Gholdengo,Kingambit,Klefki,,MC123
MC122,X07cXioCNCPs4nc's Metagross Armarouge Team,,X07cXioCNCPs4nc,,,,Metagrossite,,,Salamencite,,,Life Orb,,,Charcoal,,,Psychic Seed,,,Focus Sash,,https://pokepast.es/448c7bfbe268601a,Yes,Extracted,✔,VK5EYBN16M,10 Sep 2026,-,,https://x.com/x07cxiocncps4nc/status/2098186625801236578?s=46,-,-,x07cxiocncps4nc,,Metagross-Mega,Salamence-Mega,Armarouge,Torkoal,Indeedee-F,Kingambit,,MC122
MC121,Tayson's Gardevoir Staraptor Team,,Tayson,,,,Gardevoirite,,,Staraptite,,,Sitrus Berry,,,Chesto Berry,,,Focus Sash,,,Life Orb,,https://pokepast.es/5813cfb728cc5e12,Yes,Extracted,✔,22SAAGEMGL,10 Sep 2026,-,,https://x.com/tycaniest/status/2098177078491222175?s=46,-,-,tycaniest,,Gardevoir-Mega,Staraptor-Mega,Incineroar,Indeedee-F,Whimsicott,Garchomp,,MC121
MC120,Whitezero2000's Baxcalibur Milotic Team,,Pai Yu-Ping,,,,Baxcalibrite,,,Chople Berry,,,Rindo Berry,,,Miracle Seed,,,Focus Sash,,,Life Orb,,https://pokepast.es/5cdf0e8a8a73eed7,Yes,Extracted,✔,KQDCQ9WNPA,10 Sep 2026,Video,,https://x.com/whitezero2000/status/2098193756667441168?s=46,https://www.youtube.com/live/TBel_WoQm6w?si=xIKrCL-MdTtjOUmW,-,whitezero2000,,Baxcalibur-Mega,Incineroar,Milotic,Rillaboom,Pawmot,Gholdengo,,MC120
MC119,reydegonnet's Charizard-X Floette Team V2,,reydegonnet,,,,Charizardite X,,,Floettite,,,Chople Berry,,,Occa Berry,,,Grassy Seed,,,Focus Sash,,https://pokepast.es/3ad6655b53208446,Yes,Owner's,✔,MJA943MPMG,10 Sep 2026,-,,Discord Submission,-,-,reydegonnet,,Charizard-Mega-X,Floette-Eternal-Mega,Incineroar,Rillaboom,Sneasler,Kingambit,,MC119
MC118,Lily's Showdown Ladder Peak 24th Place Team,,Lily,,,,Gengarite,,,Metagrossite,,,Sitrus Berry,,,Life Orb,,,Chople Berry,,,Grassy Seed,,https://pokepast.es/027fda21958e66de,Yes,Owner's,X,None,10 Sep 2026,Showdown Ladder,Peak 24th,Discord Submission,-,-,lilyvgc,,Gengar-Mega,Metagross-Mega,Incineroar,Rillaboom,Kingambit,Kommo-o,,MC118
MC117,PhoNoodle's Salamence Gholdengo Team,,PhoNoodle,,,,Floettite,,,Salamencite,,,Focus Sash,,,Miracle Seed,,,White Herb,,,Life Orb,,https://pokepast.es/81d3f0ffe6ef750c,Yes,Extracted,✔,02USVFLBYL,10 Sep 2026,-,,https://x.com/mrphonoodle/status/2098160988508078365?s=46,-,-,mrphonoodle,,Floette-Eternal-Mega,Salamence-Mega,Arcanine-Hisui,Rillaboom,Sneasler,Gholdengo,,MC117
MC116,Nash's Salamence Sand Team,,Sanghyeon Na,,,,Salamencite,,,Tyranitarite,,,Leftovers,,,Focus Sash,,,White Herb,,,Twisted Spoon,,https://pokepast.es/7851f2d00ea09b5f,Yes,Extracted,✔,WT58M7RC84,10 Sep 2026,Video,,https://x.com/nashvgc/status/2098074228713230706?s=46,https://www.youtube.com/watch?v=9tjsl4yElO4,-,nashvgc,,Salamence-Mega,Tyranitar-Mega,Milotic,Excadrill,Sneasler,Indeedee,,MC116
MC115,kara's Sitrus Series #75 Top 8 Team,,kara,,,,Golisopite,,,Swampertite,,,Focus Sash,,,Sitrus Berry,,,Light Clay,,,Leftovers,,https://pokepast.es/5cdc704aa8f08294,Yes,Extracted,✔,N13KQPPHU4,10 Sep 2026,Sitrus Series #75,7th,https://x.com/hiyaakara/status/2098050960706683111?s=46,-,https://play.limitlesstcg.com/tournament/6a93805b629039f77d8a53c1/standings,hiyaakara,,Golisopod-Mega,Swampert-Mega,Pelipper,Sinistcha,Grimmsnarl,Archaludon,,MC115
MC114,gastrodon's Lucario-Z Salamence Team,,gastrodon,,,,Lucarionite Z,,,Salamencite,,,Sitrus Berry,,,Leftovers,,,Miracle Seed,,,Focus Sash,,https://pokepast.es/59b0a674b59141a2,Yes,Extracted,✔,UGARJRML06,10 Sep 2026,-,,https://x.com/gastrodon_poke/status/2098036546717000020?s=46,-,-,gastrodon_poke,,Lucario-Mega-Z,Salamence-Mega,Incineroar,Milotic,Rillaboom,Sneasler,,MC114
MC113,kimkomsu's Gardevoir Sand Team,,kimkomsu,,,,Gardevoirite,,,Tyranitarite,,,Sitrus Berry,,,Focus Sash,,,Rocky Helmet,,,Life Orb,,https://pokepast.es/60002baa327ce677,Yes,Extracted,X,None,10 Sep 2026,-,,https://x.com/kimkomsu/status/2098036099939791101?s=46,-,-,kimkomsu,,Gardevoir-Mega,Tyranitar-Mega,Incineroar,Excadrill,Indeedee-F,Scizor,,MC113
MC112,yakan_sv's Delphox Floette Team,,yakan_sv,,,,Delphoxite,,,Floettite,,,Rocky Helmet,,,Occa Berry,,,Focus Sash,,,Sitrus Berry,,https://pokepast.es/d65b60024d63d8bd,Yes,Extracted,✔,X2CS5VJAD9,10 Sep 2026,-,,https://x.com/yakan_sv/status/2098042715657404660?s=46,-,-,yakan_sv,,Delphox-Mega,Floette-Eternal-Mega,Incineroar,Rillaboom,Pawmot,Sinistcha,,MC112
MC111,homura_kurenai_'s Lucario-Z Salamence Team,,homura_kurenai_,,,,Lucarionite Z,,,Salamencite,,,Sitrus Berry,,,Miracle Seed,,,Chople Berry,,,Choice Scarf,,https://pokepast.es/7f30345697a16032,Yes,Extracted,✔,G4VTTVVB1H,10 Sep 2026,-,,https://x.com/homura_kurenai_/status/2098037060171079957?s=46,-,-,homura_kurenai_,,Lucario-Mega-Z,Salamence-Mega,Incineroar,Rillaboom,Kingambit,Garchomp,,MC111
MC110,Gardevoir_377's Gardevoir Sneasler Team,,Gardevoir_377,,,,Gardevoirite,,,Charcoal,,,Choice Scarf,,,Psychic Seed,,,Rocky Helmet,,,Life Orb,,https://pokepast.es/ccab3077d06265a8,Yes,Extracted,✔,XUVA2BCT5A,10 Sep 2026,-,,https://x.com/gardevoir_377/status/2098044888004845816?s=46,-,-,gardevoir_377,,Gardevoir-Mega,Talonflame,Basculegion,Sneasler,Indeedee-F,Garchomp,,MC110
MC109,Ling's Garchomp-Z Floette Team,,Ling,,,,Floettite,,,Garchompite Z,,,Sitrus Berry,,,Life Orb,,,Focus Sash,,,Chople Berry,,https://pokepast.es/900d357c0ea74c31,Yes,Extracted,✔,8RXYJX9CKQ,10 Sep 2026,-,,https://x.com/yukirinli0724j0/status/2098019817764856174?s=46,-,-,yukirinli0724j0,,Floette-Eternal-Mega,Garchomp-Mega-Z,Incineroar,Rillaboom,Sneasler,Kingambit,,MC109
MC108,LosChinganas' Gardevoir HTR Team,,LosChinganas,,,,Gardevoirite,,,Life Orb,,,Charcoal,,,Psychic Seed,,,Colbur Berry,,,Chople Berry,,https://pokepast.es/38a84a819ec26ef8,Yes,Extracted,✔,SDM2JBPAKC,10 Sep 2026,-,,https://x.com/loschinganas/status/2098003187064054199?s=46,-,-,loschinganas,,Gardevoir-Mega,Armarouge,Torkoal,Sneasler,Indeedee-F,Kingambit,,MC108
MC107,LenVGC's Salamence Floette Team,,Alex Soto,,,,Floettite,,,Salamencite,,,Life Orb,,,White Herb,,,Focus Sash,,,Chople Berry,,https://pokepast.es/7f7e07bf0f953b0a,Yes,Owner's,X,None,10 Sep 2026,-,,https://x.com/lenvgc/status/2098041129568518645?s=46,-,-,lenvgc,,Floette-Eternal-Mega,Salamence-Mega,Basculegion,Sneasler,Whimsicott,Kingambit,,MC107
MC106,LenVGC's Salamence Sand Team,,Alex Soto,,,,Salamencite,,,Tyranitarite,,,Sitrus Berry,,,Focus Sash,,,Psychic Seed,,,Choice Scarf,,https://pokepast.es/8d10dc6e316e86b0,Yes,Owner's,X,None,10 Sep 2026,-,,https://x.com/lenvgc/status/2098041129568518645?s=46,-,-,lenvgc,,Salamence-Mega,Tyranitar-Mega,Milotic,Excadrill,Sneasler,Indeedee,,MC106
MC105,LenVGC's Salamence Charizard-Y Team,,Alex Soto,,,,Charizardite Y,,,Salamencite,,,Sitrus Berry,,,Grassy Seed,,,Life Orb,,,Fairy Feather,,https://pokepast.es/ede01efa45931c7c,Yes,Owner's,X,None,10 Sep 2026,-,,https://x.com/lenvgc/status/2098041129568518645?s=46,-,-,lenvgc,,Charizard-Mega-Y,Salamence-Mega,Rillaboom,Sneasler,Kingambit,Sylveon,,MC105
MC104,LenVGC's Baxcalibur Snow Team,,Alex Soto,,,,Baxcalibrite,,,Sitrus Berry,,,Mystic Water,,,Miracle Seed,,,Grassy Seed,,,Light Clay,,https://pokepast.es/134747480705edc0,Yes,Owner's,X,None,10 Sep 2026,-,,https://x.com/lenvgc/status/2098041129568518645?s=46,-,-,lenvgc,,Baxcalibur-Mega,Incineroar,Basculegion,Rillaboom,Sneasler,Ninetales-Alola,,MC104
MC103,LenVGC's Baxcalibur Staraptor Team,,Alex Soto,,,,Baxcalibrite,,,Staraptite,,,Grassy Seed,,,Life Orb,,,Occa Berry,,,Focus Sash,,https://pokepast.es/01069fa4762c8613,Yes,Owner's,X,None,10 Sep 2026,-,,https://x.com/lenvgc/status/2098041129568518645?s=46,-,-,lenvgc,,Baxcalibur-Mega,Staraptor-Mega,Volcarona,Basculegion,Rillaboom,Whimsicott,,MC103
MC102,LenVGC's Gengar Perish Team,,Alex Soto,,,,Gengarite,,,Sitrus Berry,,,Eject Button,,,Leftovers,,,Focus Sash,,,Life Orb,,https://pokepast.es/60458cc1a20c2440,Yes,Owner's,X,None,10 Sep 2026,-,,https://x.com/lenvgc/status/2098041129568518645?s=46,-,-,lenvgc,,Gengar-Mega,Incineroar,Rillaboom,Snorlax,Scrafty,Dragonite,,MC102
MC101,LenVGC's Lucario-Z Aerodactyl Team,,Alex Soto,,,,Aerodactylite,,,Lucarionite Z,,,Sitrus Berry,,,Leftovers,,,Miracle Seed,,,Grassy Seed,,https://pokepast.es/36cd120de5ec394c,Yes,Owner's,X,None,10 Sep 2026,-,,https://x.com/lenvgc/status/2098041129568518645?s=46,-,-,lenvgc,,Aerodactyl-Mega,Lucario-Mega-Z,Incineroar,Primarina,Rillaboom,Sneasler,,MC101
MC100,LenVGC's Golisopod Rain Team,,Alex Soto,,,,Golisopite,,,Swampertite,,,Focus Sash,,,Sitrus Berry,,,Light Clay,,,Leftovers,,https://pokepast.es/11f6986b45453ef1,Yes,Owner's,X,None,10 Sep 2026,-,,https://x.com/lenvgc/status/2098041129568518645?s=46,-,-,lenvgc,,Golisopod-Mega,Swampert-Mega,Pelipper,Sinistcha,Grimmsnarl,Archaludon,,MC100
MC99,LenVGC's Crabominable Camprupt TR Team,,Alex Soto,,,,Cameruptite,,,Crabominite,,,Psychic Seed,,,Sitrus Berry,,,Rocky Helmet,,,Life Orb,,https://pokepast.es/a01935f376869c15,Yes,Owner's,X,None,10 Sep 2026,-,,https://x.com/lenvgc/status/2098041129568518645?s=46,-,-,lenvgc,,Camerupt-Mega,Crabominable-Mega,Armarouge,Gallade,Indeedee-F,Hatterene,,MC99
MC98,LenVGC's Blastoise Terrain Team,,Alex Soto,,,,Blastoisinite,,,Hawluchanite,,,Sitrus Berry,,,Occa Berry,,,Leftovers,,,Rocky Helmet,,https://pokepast.es/0addcf1b3a357c71,Yes,Owner's,X,None,10 Sep 2026,-,,https://x.com/lenvgc/status/2098041129568518645?s=46,-,-,lenvgc,,Blastoise-Mega,Hawlucha-Mega,Incineroar,Rillaboom,Snorlax,Indeedee-F,,MC98
MC97,Gabri 301's Golisopod Rain Team,,Gabri 301,,,,Golisopite,,,Leftovers,,,Sitrus Berry,,,Miracle Seed,,,Grassy Seed,,,Chople Berry,,https://pokepast.es/4fce711199944ae0,Yes,Extracted,✔,0U7PD0A244,10 Sep 2026,-,,https://x.com/grr301/status/2097968969193787731?s=46,-,-,grr301,,Golisopod-Mega,Milotic,Pelipper,Rillaboom,Farigiraf,Archaludon,,MC97
MC96,oshio_pokemon's Charizard-Y Floette Team,,oshio_pokemon,,,,Charizardite Y,,,Floettite,,,Sitrus Berry,,,Occa Berry,,,Leftovers,,,Choice Scarf,,https://pokepast.es/f44fc7ea10fe5638,Yes,Extracted,✔,171QECB5G8,10 Sep 2026,-,,https://x.com/oshio_pokemon/status/2097692204454367390?s=46,-,-,oshio_pokemon,,Charizard-Mega-Y,Floette-Eternal-Mega,Incineroar,Rillaboom,Bellibolt,Garchomp,,MC96
MC95,moscate1oon's Gardevoir Dragonite Team,,moscate1oon,,,,Dragoninite,,,Gardevoirite,,,Life Orb,,,Charcoal,,,Rocky Helmet,,,Black Glasses,,https://pokepast.es/af339cd3e36437fd,Yes,Extracted,✔,WE45X4MHDW,10 Sep 2026,-,,https://x.com/moscate1oon/status/2098011552947536325?s=46,-,-,moscate1oon,,Dragonite-Mega,Gardevoir-Mega,Blaziken,Torkoal,Indeedee-F,Kingambit,,MC95
MC94,tanukiaieo's Gardevoir Staraptor Team,,tanukiaieo,,,,Gardevoirite,,,Staraptite,,,Charcoal,,,Magnet,,,Psychic Seed,,,Colbur Berry,,https://pokepast.es/b9b3d0ee2ee1b26a,Yes,Extracted,✔,U6FVDTRYC7,10 Sep 2026,-,,https://x.com/tanukiaieo/status/2097838928053350724?s=46,-,-,tanukiaieo,,Gardevoir-Mega,Staraptor-Mega,Torkoal,Toxtricity,Sneasler,Indeedee-F,,MC94
MC93,Xena's Lucario-Z Golisopod Rain Team,,Xena,,,,Golisopite,,,Lucarionite Z,,,Choice Scarf,,,Life Orb,,,Miracle Seed,,,Light Clay,,https://pokepast.es/b7d841f59242636e,Yes,Extracted,✔,VBH7UKWK4D,10 Sep 2026,-,,https://x.com/xenagaming248/status/2097996039974433050?s=46,-,-,xenagaming248,,Golisopod-Mega,Lucario-Mega-Z,Basculegion-F,Pelipper,Rillaboom,Grimmsnarl,,MC93
MC92,Gustavo's Salamence Floette Team,,Gustavo,,,,Floettite,,,Salamencite,,,Sitrus Berry,,,White Herb,,,Colbur Berry,,,Focus Sash,,https://pokepast.es/e2bab80c4e53d89a,Yes,Extracted,✔,RSXUGRQGML,10 Sep 2026,-,,https://x.com/gustavomvp_/status/2098006389285073227?s=46,-,-,gustavomvp_,,Floette-Eternal-Mega,Salamence-Mega,Incineroar,Sneasler,Sinistcha,Kingambit,,MC92
MC91,punihina1334's Salamence Floette Team,,punihina1334,,,,Floettite,,,Salamencite,,,Sitrus Berry,,,Miracle Seed,,,Grassy Seed,,,Leftovers,,https://pokepast.es/202c514602d9abe9,Yes,Extracted,✔,XQPKM4CMKM,10 Sep 2026,-,,https://x.com/punihina1334/status/2097902836679881039?s=46,-,-,punihina1334,,Floette-Eternal-Mega,Salamence-Mega,Incineroar,Rillaboom,Sneasler,Gholdengo,,MC91
MC90,srtaa13_'s Mawile Alakazam Team,,srtaa13_,,,,Alakazite,,,Mawilite,,,Life Orb,,,Charcoal,,,Focus Sash,,,Psychic Seed,,https://pokepast.es/dcfddd3d77d6ab61,Yes,Extracted,✔,VWSW06XRGU,10 Sep 2026,-,,https://x.com/srtaa13_/status/2097853468744495607?s=46,-,-,srtaa13_,,Alakazam-Mega,Mawile-Mega,Armarouge,Torkoal,Venusaur,Indeedee-F,,MC90
MC89,Rod's Raichu-Y Floette Team,,Rod,,,,Floettite,,,Raichunite Y,,,Sitrus Berry,,,Miracle Seed,,,Grassy Seed,,,Choice Scarf,,https://pokepast.es/0602ae9713162c9f,Yes,Extracted,✔,NCTE6HNRYP,10 Sep 2026,-,,https://x.com/trnrrodvgc/status/2097988982881845496?s=46,-,-,trnrrodvgc,,Floette-Eternal-Mega,Raichu-Mega-Y,Incineroar,Rillaboom,Sneasler,Gholdengo,,MC89
MC88,shiyo_ootori's Golisopod Blastoise Team,,shiyo_ootori,,,,Blastoisinite,,,Golisopite,,,Charcoal,,,Leek,,,Psychic Seed,,,Life Orb,,https://pokepast.es/c9ac20d28c39c892,Yes,Extracted,✔,X1GE4RK72A,10 Sep 2026,-,,https://x.com/shiyo_ootori/status/2097982717489283171?s=46,-,-,shiyo_ootori,,Blastoise-Mega,Golisopod-Mega,Torkoal,Sirfetch'd,Indeedee-F,Hatterene,,MC88
MC87,Lorenzo Bucci's Salamence Floette Team,,Lorenzo Bucci,,,,Floettite,,,Salamencite,,,Sitrus Berry,,,Life Orb,,,Occa Berry,,,Grassy Seed,,https://pokepast.es/42f46820310783d1,Yes,Extracted,✔,GVWCSL7DP8,10 Sep 2026,-,,https://x.com/lorenzobuc79372/status/2097816675768815977?s=46,-,-,lorenzobuc79372,,Floette-Eternal-Mega,Salamence-Mega,Incineroar,Basculegion,Rillaboom,Sneasler,,MC87
MC86,ogura_anon's Lucario-Z Garchomp-Z Team,,ogura_anon,,,,Garchompite Z,,,Lucarionite Z,,,Psychic Seed,,,Rocky Helmet,,,Focus Sash,,,Fairy Feather,,https://pokepast.es/c02e6e394a429969,Yes,Extracted,✔,LNUNV885GT,10 Sep 2026,-,,https://x.com/ogura_anon/status/2097873938185674855?s=46,-,-,ogura_anon,,Garchomp-Mega-Z,Lucario-Mega-Z,Sneasler,Indeedee-F,Kingambit,Sylveon,,MC86
MC85,YUWUNA's Gardevoir Gallade Team,,YUWUNA,,,,Gardevoirite,,,Charcoal,,,Life Orb,,,Psychic Seed,,,Sitrus Berry,,,Black Glasses,,https://pokepast.es/595b9623f782bb8f,Yes,Extracted,✔,NCKABQC8JU,10 Sep 2026,-,,https://x.com/yuwuna69/status/2097942860423204918?s=46,-,-,yuwuna69,,Gardevoir-Mega,Torkoal,Gallade,Sneasler,Indeedee-F,Kingambit,,MC85
MC84,Magnetman's Salamence Sand Team,,Adryan Sutantoso,,,,Salamencite,,,Tyranitarite,,,Leftovers,,,Focus Sash,,,Sitrus Berry,,,Fairy Feather,,https://pokepast.es/6ac0ed09d8dcbbfd,Yes,Owner's,X,None,10 Sep 2026,Video,,https://x.com/magnetmanvgc/status/2097900059769933981?s=46,https://www.youtube.com/watch?v=maJMfEkgN6E,-,magnetmanvgc,,Salamence-Mega,Tyranitar-Mega,Milotic,Excadrill,Sinistcha,Sylveon,,MC84
MC83,trobuz's Tyranitar Excadrill Team,,Florian Temme,,,,Salamencite,,,Tyranitarite,,,Focus Sash,,,Psychic Seed,,,Choice Scarf,,,Colbur Berry,,https://pokepast.es/7645e90d7e300eb0,Yes,Extracted,✔,SCJARVM38M,10 Sep 2026,-,,https://x.com/pika_vgc/status/2097970227891802348?s=46,-,-,pika_vgc,,Salamence-Mega,Tyranitar-Mega,Excadrill,Sneasler,Indeedee,Sinistcha,,MC83
MC82,jonhy's Salamence Lucario-Z Team,,jonhy,,,,Lucarionite Z,,,Salamencite,,,Focus Sash,,,Life Orb,,,Miracle Seed,,,Fairy Feather,,https://pokepast.es/f6455b416b2e9f80,Yes,Extracted,✔,BNL3BTKUE8,10 Sep 2026,-,,https://x.com/jonhyyyyy/status/2097786036428362195?s=46,-,-,jonhyyyyy,,Lucario-Mega-Z,Salamence-Mega,Arcanine-Hisui,Basculegion,Rillaboom,Sylveon,,MC82
MC81,speedykid's Salamence Sylveon Team,,speedykid,,,,Golisopite,,,Salamencite,,,Focus Sash,,,White Herb,,,Sitrus Berry,,,Fairy Feather,,https://pokepast.es/b80c5f3e363597c2,Yes,Extracted,X,None,10 Sep 2026,-,,https://x.com/speedyplaygames/status/2097854063018660025?s=46,-,-,speedyplaygames,,Golisopod-Mega,Salamence-Mega,Pelipper,Sneasler,Farigiraf,Sylveon,,MC81
MC80,Yurine's Floette Ceruledge Team,,Junhee Lee,,,,Floettite,,,Grassy Seed,,,Leftovers,,,Choice Scarf,,,Sitrus Berry,,,Life Orb,,https://pokepast.es/24b7e1e280b1088f,Yes,Extracted,✔,MRFQNR5CPY,10 Sep 2026,-,,https://x.com/yurineptcg/status/2097914822776234439?s=46,-,-,yurineptcg,,Floette-Eternal-Mega,Ceruledge,Incineroar,Basculegion,Rillaboom,Kingambit,,MC80
MC79,Alejandro's Salamence Rillaboom Team,,Alejandro,,,,Floettite,,,Salamencite,,,Sitrus Berry,,,Miracle Seed,,,Grassy Seed,,,Chople Berry,,https://pokepast.es/785dbfcd2432c102,Yes,Extracted,✔,WEWV50BU26,10 Sep 2026,-,,https://x.com/alejandrofdz_/status/2097805527875207555?s=46,-,-,alejandrofdz_,,Floette-Eternal-Mega,Salamence-Mega,Incineroar,Rillaboom,Sneasler,Kingambit,,MC79
MC78,Spits25's Glimmora Pawmot Team,,Spits25,,,,Gardevoirite,,,Glimmoranite,,,Life Orb,,,Choice Scarf,,,Focus Sash,,,Rocky Helmet,,https://pokepast.es/63f509b819a652b4,Yes,Extracted,✔,AJRN2J18J4,10 Sep 2026,-,,https://x.com/spits25/status/2097909805608538202?s=46,-,-,spits25,,Gardevoir-Mega,Glimmora-Mega,Talonflame,Basculegion,Pawmot,Indeedee-F,,MC78
MC77,ntmgpoke's Gardevoir Talonflame Team,,Megumi Natsu,,,,Gardevoirite,,,Sharp Beak,,,Focus Sash,,,Psychic Seed,,,Rocky Helmet,,,Life Orb,,https://pokepast.es/d8faaf4f72f6aab5,Yes,Extracted,✔,18MQFU5F04,10 Sep 2026,-,,https://x.com/ntmgpoke/status/2097921886906892315?s=46,-,-,ntmgpoke,,Gardevoir-Mega,Talonflame,Basculegion,Sneasler,Indeedee-F,Garchomp,,MC77
MC76,Q's Gardevoir Sneasler Team,,Q,,,,Gardevoirite,,,Salamencite,,,Focus Sash,,,Psychic Seed,,,Rocky Helmet,,,Chople Berry,,https://pokepast.es/4ed17394f6517aaf,Yes,Extracted,✔,NABERUR3QX,10 Sep 2026,-,,https://x.com/q_vgc_poke0306/status/2097915686538629435?s=46,-,-,q_vgc_poke0306,,Gardevoir-Mega,Salamence-Mega,Basculegion,Sneasler,Indeedee-F,Kingambit,,MC76
MC75,Tz Cogao's Golisopod Dragalge Team,,Tz Cogao,,,,Dragalgite,,,Golisopite,,,Focus Sash,,,Charcoal,,,Psychic Seed,,,Sitrus Berry,,https://pokepast.es/f828e7b46a771515,Yes,Extracted,✔,00YKNSDF20,10 Sep 2026,-,,https://x.com/cogaovgc/status/2097881749510357423?s=46,-,-,cogaovgc,,Dragalge-Mega,Golisopod-Mega,Armarouge,Torkoal,Indeedee-F,Farigiraf,,MC75
MC74,Pasty's Bellibolt Rillaboom Team,,Pasty,,,,Floettite,,,Sitrus Berry,,,Choice Scarf,,,Miracle Seed,,,Leftovers,,,Grassy Seed,,https://pokepast.es/9c4f7915b1d3ae07,Yes,Extracted,✔,1XY6QGBE5H,10 Sep 2026,-,,https://x.com/pastyhxc/status/2097874998316695862?s=46,-,-,pastyhxc,,Floette-Eternal-Mega,Incineroar,Basculegion,Rillaboom,Bellibolt,Sneasler,,MC74
MC73,Ping's Golisopod Gardevoir Team,,Ping,,,,Gardevoirite,,,Golisopite,,,Focus Sash,,,Psychic Seed,,,Colbur Berry,,,Life Orb,,https://pokepast.es/bed443f8a0acbe11,Yes,Extracted,✔,KW0178FPYJ,10 Sep 2026,-,,https://x.com/lugiafan76/status/2097924301689127182?s=46,-,-,lugiafan76,,Gardevoir-Mega,Golisopod-Mega,Pelipper,Sneasler,Indeedee-F,Kingambit,,MC73
MC72,mop's Salamence Floette Team,,mop,,,,Floettite,,,Salamencite,,,Sitrus Berry,,,Miracle Seed,,,Grassy Seed,,,Focus Sash,,https://pokepast.es/8536a2b4f89d3e72,Yes,Extracted,✔,BSNTJXMV3Q,10 Sep 2026,-,,https://x.com/themophia/status/2097922265039998988?s=46,-,-,themophia,,Floette-Eternal-Mega,Salamence-Mega,Incineroar,Rillaboom,Sneasler,Kingambit,,MC72
MC71,Cosmo's Floette Dragapult Team,,Cosmo,,,,Floettite,,,Leftovers,,,Sitrus Berry,,,Grassy Seed,,,Chople Berry,,,Focus Sash,,https://pokepast.es/a8fc4cfab65cd411,Yes,Extracted,✔,2MBF314GRS,10 Sep 2026,-,,https://x.com/cosmo_poke_/status/2097918074632700383?s=46,-,-,cosmo_poke_,,Floette-Eternal-Mega,Incineroar,Rillaboom,Sneasler,Kingambit,Dragapult,,MC71
MC70,SableyeVGC's r/VGC Regulation M-C Kickoff Cup Champion Team,,Ryan Loseto,,,,Salamencite,,,Focus Sash,,,Mystic Water,,,Sitrus Berry,,,Grassy Seed,,,Chople Berry,,https://pokepast.es/2c92e63c0fd4a43c,Yes,Owner's,✔,U7C92RMPR1,10 Sep 2026,r/VGC Regulation M-C Kickoff Cup,Champion,https://x.com/sableyevgc/status/2097842599671238950?s=46,https://www.youtube.com/watch?v=3WcGLeRAS2w,https://play.limitlesstcg.com/tournament/6aa00639a4272c53be64abbd/standings,sableyevgc,,Salamence-Mega,Arcanine-Hisui,Basculegion,Rillaboom,Sneasler,Kingambit,,MC70
MC69,Wolfey's r/VGC Regulation M-C Kickoff Cup Top 8 Team,,Wolfe Glick,,,,Gardevoirite,,,Golisopite,,,Choice Scarf,,,Focus Sash,,,Psychic Seed,,,Colbur Berry,,https://pokepast.es/1f4da9800a6ad851,Yes,Extracted,✔,K812FV6JJ4,12 Sep 2026,r/VGC Regulation M-C Kickoff Cup,6th,https://youtu.be/Ai3L_iwn5oE?si=PXFKaQvtiRQ1mCng,-,https://play.limitlesstcg.com/tournament/6aa00639a4272c53be64abbd/standings,WolfeyGlick,,Gardevoir-Mega,Golisopod-Mega,Basculegion,Pelipper,Sneasler,Indeedee-F,,MC69
MC68,thepostmanp's r/VGC Regulation M-C Kickoff Cup Top 8 Team,,thepostmanp,,,,Froslassite,,,Glimmoranite,,,Sharp Beak,,,Life Orb,,,Focus Sash,,,Black Glasses,,https://pokepast.es/db3ce4cbdae73dbe,Yes,Extracted,✔,YMFG5BUF3X,10 Sep 2026,r/VGC Regulation M-C Kickoff Cup,8th,https://x.com/thepostmanp/status/2097838462468579568?s=46,https://www.youtube.com/watch?v=vOXgxqZBzJ4,https://play.limitlesstcg.com/tournament/6aa00639a4272c53be64abbd/standings,thepostmanp,,Froslass-Mega,Glimmora-Mega,Talonflame,Basculegion,Pawmot,Kingambit,,MC68
MC67,Conkledonk's r/VGC Regulation M-C Kickoff Cup Top 16 Team,,Rushil Thakkar,,,,Charizardite Y,,,Sitrus Berry,,,Leftovers,,,Focus Sash,,,Life Orb,,,Choice Scarf,,https://pokepast.es/690626d4c0e505f9,Yes,Extracted,✔,2VGJHMF1UM,10 Sep 2026,r/VGC Regulation M-C Kickoff Cup,15th,https://x.com/conkledonkvgc/status/2097902867956847050?s=46,-,https://play.limitlesstcg.com/tournament/6aa00639a4272c53be64abbd/standings,conkledonkvgc,,Charizard-Mega-Y,Incineroar,Toxapex,Venusaur,Kingambit,Garchomp,,MC67
MC66,naito_pokemon's Salamence Floette Team,,naito_pokemon,,,,Floettite,,,Salamencite,,,Life Orb,,,Sitrus Berry,,,Grassy Seed,,,Chople Berry,,https://pokepast.es/2c4d3fbb866c4d2c,Yes,Extracted,✔,466NUT4SLJ,10 Sep 2026,-,,https://x.com/naito_pokemon/status/2097747707884720639?s=46,-,-,naito_pokemon,,Floette-Eternal-Mega,Salamence-Mega,Basculegion,Rillaboom,Sneasler,Kingambit,,MC66
MC65,kingyabber's Salamence Scizor Rain Team,,KingYabber,,,,Salamencite,,,Scizorite,,,Focus Sash,,,Sitrus Berry,,,White Herb,,,Leftovers,,https://pokepast.es/6c092ddbec51ef61,Yes,Extracted,✔,NQJM3N8UT4,10 Sep 2026,-,,https://x.com/kingyabber/status/2097857808263762017?s=46,-,-,kingyabber,,Salamence-Mega,Scizor-Mega,Pelipper,Rillaboom,Sneasler,Archaludon,,MC65
MC64,Twilite's Salamence Raichu-Y Team,,Kshaunish Shaik,,,,Raichunite Y,,,Salamencite,,,Miracle Seed,,,Focus Sash,,,Life Orb,,,Fairy Feather,,https://pokepast.es/0a93ae91073cc690,Yes,Extracted,✔,U84CQFTHWJ,10 Sep 2026,-,,https://x.com/twilite0/status/2097900449605017698?s=46,-,-,twilite0,,Raichu-Mega-Y,Salamence-Mega,Rillaboom,Sneasler,Gholdengo,Sylveon,,MC64
MC63,rockbell_poke's Salamence Sand Team,,rockbell_poke,,,,Salamencite,,,Tyranitarite,,,Focus Sash,,,Life Orb,,,White Herb,,,Colbur Berry,,https://pokepast.es/1f0098cf6f53ab9e,Yes,Extracted,✔,Q7B6R73C6D,10 Sep 2026,-,,https://x.com/rockbell_poke/status/2097732069669634498?s=46,-,-,rockbell_poke,,Salamence-Mega,Tyranitar-Mega,Armarouge,Excadrill,Sneasler,Indeedee-F,,MC63
MC62,jessditta's Scrafty Mawile TR Team,,jessditta,,,,Mawilite,,,Scraftinite,,,Charcoal,,,Choice Scarf,,,Sitrus Berry,,,Life Orb,,https://pokepast.es/00bb8e0da96f857a,Yes,Extracted,✔,AYF4QCYEKA,10 Sep 2026,-,,https://x.com/jessditta/status/2097895648683319515?s=46,-,-,jessditta,,Mawile-Mega,Scrafty-Mega,Torkoal,Typhlosion-Hisui,Indeedee-F,Hatterene,,MC62
MC61,jessditta's Tyranitar Indeedee-M Team,,jessditta,,,,Tyranitarite,,,Sitrus Berry,,,Focus Sash,,,White Herb,,,Choice Scarf,,,Psychic Seed,,https://pokepast.es/5a778ac69b5c4f0d,Yes,Extracted,✔,4E0LQD3LCV,10 Sep 2026,-,,https://x.com/jessditta/status/2097895648683319515?s=46,-,-,jessditta,,Tyranitar-Mega,Milotic,Excadrill,Sneasler,Indeedee,Corviknight,,MC61
MC60,jessditta's Baxcalibur Snow Team,,jessditta,,,,Baxcalibrite,,,Sitrus Berry,,,Grassy Seed,,,Leftovers,,,Focus Sash,,,Light Clay,,https://pokepast.es/25ab0498e06c8ffb,Yes,Extracted,✔,86223BLSM6,10 Sep 2026,-,,https://x.com/jessditta/status/2097895648683319515?s=46,-,-,jessditta,,Baxcalibur-Mega,Incineroar,Volcarona,Rillaboom,Glimmora,Ninetales-Alola,,MC60
MC59,jessditta's Salamence Sand Team,,jessditta,,,,Salamencite,,,Tyranitarite,,,Sitrus Berry,,,Leftovers,,,Focus Sash,,,Colbur Berry,,https://pokepast.es/35fd317118a540bf,Yes,Extracted,✔,QWMMTSK8FR,10 Sep 2026,-,,https://x.com/jessditta/status/2097895648683319515?s=46,-,-,jessditta,,Salamence-Mega,Tyranitar-Mega,Milotic,Rillaboom,Excadrill,Sinistcha,,MC59
MC58,axolodyl's Lucario-Z Aerodactyl Team,,axolodyl,,,,Aerodactylite,,,Lucarionite Z,,,Life Orb,,,Miracle Seed,,,Grassy Seed,,,Light Clay,,https://pokepast.es/37cf6b6b304aefd6,Yes,Extracted,✔,1LGBX3TG3J,10 Sep 2026,-,,https://x.com/axolodyl/status/2097825787671937534?s=46,-,-,axolodyl,,Aerodactyl-Mega,Lucario-Mega-Z,Basculegion,Rillaboom,Sneasler,Grimmsnarl,,MC58
MC57,axolodyl's Baxcalibur Glimmora Team,,axolodyl,,,,Baxcalibrite,,,Glimmoranite,,,Sharp Beak,,,Life Orb,,,Miracle Seed,,,Focus Sash,,https://pokepast.es/f0e59acea9570641,Yes,Extracted,✔,A8UJ8XSFNJ,10 Sep 2026,-,,https://x.com/axolodyl/status/2097825787671937534?s=46,-,-,axolodyl,,Baxcalibur-Mega,Glimmora-Mega,Talonflame,Basculegion,Rillaboom,Pawmot,,MC57
MC56,axolodyl's Salamence Golisopod Team,,axolodyl,,,,Golisopite,,,Salamencite,,,Sitrus Berry,,,Miracle Seed,,,Colbur Berry,,,Black Glasses,,https://pokepast.es/56f517bbd665899f,Yes,Extracted,✔,4P3G5VKFS2,10 Sep 2026,-,,https://x.com/axolodyl/status/2097825787671937534?s=46,-,-,axolodyl,,Golisopod-Mega,Salamence-Mega,Pelipper,Rillaboom,Farigiraf,Kingambit,,MC56
MC55,MemeGuy924's Salamence Sand Team,,MemeGuy924,,,,Salamencite,,,Tyranitarite,,,Sitrus Berry,,,Focus Sash,,,Colbur Berry,,,Leftovers,,https://pokepast.es/4e3edcc043a7181d,Yes,Owner's,X,None,10 Sep 2026,-,,https://x.com/MemeGuy924/status/2097913652149883365,-,-,MemeGuy924,,Salamence-Mega,Tyranitar-Mega,Milotic,Excadrill,Sinistcha,Gholdengo,,MC55
MC54,castillo11vgc's Showdown Ladder Peak 3rd Place Team,,castillo11vgc,,,,Baxcalibrite,,,Blastoisinite,,,Life Orb,,,Psychic Seed,,,Colbur Berry,,,Chople Berry,,https://pokepast.es/c9915faa4b501283,Yes,Extracted,X,None,10 Sep 2026,Showdown Ladder,Peak 3rd,https://x.com/castillo11vgc/status/2097851386360643882?s=46&t=WmXEnVa3rTSw0P9A0n6S3Q,-,-,castillo11vgc,,Baxcalibur-Mega,Blastoise-Mega,Armarouge,Indeedee-F,Sinistcha,Kingambit,,MC54
MC53,reydegonnet's Charizard-X Floette Team,,reydegonnet,,,,Charizardite X,,,Floettite,,,Chople Berry,,,Occa Berry,,,Grassy Seed,,,Focus Sash,,https://pokepast.es/7fb12fe08230d7be,Yes,Extracted,✔,81TBBT51AC,10 Sep 2026,-,,https://x.com/reydegonnet/status/2097730888109002854?s=46,-,-,reydegonnet,,Charizard-Mega-X,Floette-Eternal-Mega,Incineroar,Rillaboom,Sneasler,Kingambit,,MC53
MC52,metalderk's Salamence Floette Team,,metalderk,,,,Floettite,,,Salamencite,,,Sitrus Berry,,,Miracle Seed,,,White Herb,,,Chople Berry,,https://pokepast.es/b18bfd4e8d8129be,Yes,Extracted,✔,4VKCSVPKB4,10 Sep 2026,Video,,https://x.com/derkpkmn/status/2097806361052553699?s=46,https://www.youtube.com/watch?v=EeI2542lL5I,-,derkpkmn,,Floette-Eternal-Mega,Salamence-Mega,Incineroar,Rillaboom,Sneasler,Kingambit,,MC52
MC51,Wataru's Salamence Floette Team,,Wataru Arai,,,,Floettite,,,Salamencite,,,Life Orb,,,Focus Sash,,,White Herb,,,Chople Berry,,https://pokepast.es/6ff4a038e3ec0c16,Yes,Extracted,✔,7Y7YT8CL9C,10 Sep 2026,-,,https://x.com/kou_111111/status/2097834442584969545?s=46,-,-,kou_111111,,Floette-Eternal-Mega,Salamence-Mega,Basculegion,Rillaboom,Sneasler,Kingambit,,MC51
MC50,hattington360's Absol-Z Mawile Team,,hattington360,,,,Absolite Z,,,Mawilite,,,Rocky Helmet,,,Psychic Seed,,,Colbur Berry,,,Focus Sash,,https://pokepast.es/0f1752f2ba99c09f,Yes,Extracted,✔,7FEHSG8BQQ,10 Sep 2026,-,,https://x.com/hattington360/status/2097720848505352218?s=46,-,-,hattington360,,Absol-Mega-Z,Mawile-Mega,Incineroar,Sneasler,Indeedee-F,Whimsicott,,MC50
MC49,_ghira_'s Salamence Blaziken Team,,_ghira_,,,,Blazikenite,,,Salamencite,,,Choice Scarf,,,Colbur Berry,,,Focus Sash,,,Fairy Feather,,https://pokepast.es/6e9f14839c44a236,Yes,Extracted,✔,D1YWGB1B3L,10 Sep 2026,-,,https://x.com/_ghira_/status/2097812175041503506?s=46,-,-,_ghira_,,Blaziken-Mega,Salamence-Mega,Toxtricity,Indeedee-F,Persian-Alola,Sylveon,,MC49
MC48,reydegonnet's Charizard-X Floette Team,,reydegonnet,,,,Charizardite X,,,Floettite,,,Chople Berry,,,Occa Berry,,,Grassy Seed,,,Black Glasses,,https://pokepast.es/016cd16a7d929d4f,Yes,Extracted,✔,6XLK6GJ9LT,10 Sep 2026,-,,https://x.com/reydegonnet/status/2097687324347809936?s=46,-,-,reydegonnet,,Charizard-Mega-X,Floette-Eternal-Mega,Incineroar,Rillaboom,Sneasler,Kingambit,,MC48
MC47,TalonMasterJ's Salamence Floette Team,,Joe Carlino,,,,Floettite,,,Salamencite,,,Sitrus Berry,,,Life Orb,,,Miracle Seed,,,White Herb,,https://pokepast.es/1e6a03dc1764214e,Yes,Extracted,✔,21HUMNS12V,10 Sep 2026,-,,https://x.com/joecarlino14/status/2097829169656639520?s=46,-,-,joecarlino14,,Floette-Eternal-Mega,Salamence-Mega,Incineroar,Basculegion,Rillaboom,Sneasler,,MC47
MC46,starlightkairi's Baxcalibur Golisopod Team,,starlightkairi,,,,Baxcalibrite,,,Golisopite,,,Colbur Berry,,,Rocky Helmet,,,Sitrus Berry,,,Life Orb,,https://pokepast.es/0a39ceed249b8ff7,Yes,Extracted,✔,TE8BKYXFSU,10 Sep 2026,-,,https://x.com/starlightkairi/status/2097799397937422521?s=46,-,-,starlightkairi,,Baxcalibur-Mega,Golisopod-Mega,Armarouge,Indeedee-F,Sinistcha,Hatterene,,MC46
MC45,shubham_rk9's Baxcalibur Golisopod Team,,shubham_rk9,,,,Baxcalibrite,,,Golisopite,,,Chople Berry,,,Sitrus Berry,,,White Herb,,,Colbur Berry,,https://pokepast.es/5c653701614332e7,Yes,Extracted,✔,WVK8WDGNGJ,10 Sep 2026,-,,https://x.com/shubham_rk9/status/2097797696149139596?s=46,-,-,shubham_rk9,,Baxcalibur-Mega,Golisopod-Mega,Incineroar,Pelipper,Sneasler,Farigiraf,,MC45
MC44,Feitosa's Gardevoir Salamence Team,,Pedro Feitosa,,,,Gardevoirite,,,Salamencite,,,Focus Sash,,,Life Orb,,,Psychic Seed,,,Rocky Helmet,,https://pokepast.es/3020a0b5e5de04ae,Yes,Extracted,✔,TDYPHWLRXK,10 Sep 2026,-,,https://x.com/PHSFeitosa/status/2097752582768783478?s=20,-,-,PHSFeitosa,,Gardevoir-Mega,Salamence-Mega,Arcanine-Hisui,Basculegion,Sneasler,Indeedee-F,,MC44
MC43,LenVGC's Gardevoir HTR Team,,Alex Soto,,,,Gardevoirite,,,Life Orb,,,Charcoal,,,Psychic Seed,,,Sitrus Berry,,,Black Glasses,,https://pokepast.es/b409f9d80e8f830b,Yes,Extracted,✔,93U7AF0CAB,10 Sep 2026,-,,https://x.com/LenVGC/status/2097745740638425449,-,-,LenVGC,,Gardevoir-Mega,Armarouge,Torkoal,Sneasler,Indeedee-F,Kingambit,,MC43
MC42,drbananavgc's Meowstic Golisopod Team,,drbananavgc,,,,Golisopite,,,Meowsticite,,,Focus Sash,,,Psychic Seed,,,Colbur Berry,,,Leftovers,,https://pokepast.es/22fcc5ea5488f41c,Yes,Extracted,✔,0B05RNXB1P,10 Sep 2026,-,,https://x.com/drbananavgc/status/2097781082099785781?s=46,-,-,drbananavgc,,Golisopod-Mega,Meowstic-F-Mega,Pelipper,Sneasler,Indeedee-F,Archaludon,,MC42
MC41,Shuuka's Salamence Kingambit Team,,Aki Shibuya,,,,Salamencite,,,Life Orb,,,Miracle Seed,,,White Herb,,,Focus Sash,,,Fairy Feather,,https://pokepast.es/f853daf986849f1d,Yes,Extracted,✔,HRB6RYHY5N,10 Sep 2026,-,,https://x.com/shuuka_poke/status/2097751726048833973?s=46,-,-,shuuka_poke,,Salamence-Mega,Basculegion,Rillaboom,Sneasler,Kingambit,Sylveon,,MC41
MC40,BTrickroomZ's Raichu-Y Baxcalibur Team,,Yuta Ishigaki,,,,Baxcalibrite,,,Raichunite Y,,,Sitrus Berry,,,Miracle Seed,,,Focus Sash,,,Chople Berry,,https://pokepast.es/57c82d09be532ce2,Yes,Extracted,✔,UW1XVELLVG,10 Sep 2026,Video,,https://x.com/btrickroomz/status/2097749205117030418?s=46,https://www.youtube.com/live/7k4Y4TsTkbo,-,btrickroomz,,Baxcalibur-Mega,Raichu-Mega-Y,Arcanine,Rillaboom,Sneasler,Kingambit,,MC40
MC39,BrokenLegge's Delphox Gravity Team,,BrokenLegge,,,,Delphoxite,,,Tyranitarite,,,Focus Sash,,,White Herb,,,Choice Scarf,,,Psychic Seed,,https://pokepast.es/b560487dbd076daf,Yes,Extracted,✔,8WLWWDY6B5,10 Sep 2026,-,,https://x.com/brokenlegge/status/2097756049256362310?s=46,-,-,brokenlegge,,Delphox-Mega,Tyranitar-Mega,Excadrill,Sneasler,Indeedee,Corviknight,,MC39
MC38,danyul_yt's Garchomp-Z Torterra Team,,danyul_yt,,,,Floettite,,,Garchompite Z,,,Sitrus Berry,,,Life Orb,,,Focus Sash,,,Chople Berry,,https://pokepast.es/57ef0cda9c81a1c6,Yes,Extracted,✔,2K3CSBQEER,10 Sep 2026,-,,https://x.com/danyul_yt/status/2097788254309208325?s=46,-,-,danyul_yt,,Floette-Eternal-Mega,Garchomp-Mega-Z,Rotom-Heat,Torterra,Sneasler,Kingambit,,MC38
MC37,gio_kuma's Salamence Lucario-Z Team,,gio_kuma,,,,Lucarionite Z,,,Salamencite,,,Sitrus Berry,,,Focus Sash,,,Miracle Seed,,,Fairy Feather,,https://pokepast.es/55029c098a5a309b,Yes,Extracted,✔,RAEJQG0B3G,10 Sep 2026,-,,https://x.com/gio_kuma/status/2097726623810256900?s=46,-,-,gio_kuma,,Lucario-Mega-Z,Salamence-Mega,Incineroar,Basculegion,Rillaboom,Sylveon,,MC37
MC36,ragimali's Salamence Kingambit Team,,ragimali,,,,Salamencite,,,Sitrus Berry,,,Focus Sash,,,Occa Berry,,,Grassy Seed,,,Life Orb,,https://pokepast.es/674ac2a18201012a,Yes,Extracted,✔,C52NYCU9HN,10 Sep 2026,-,,https://x.com/ragimali/status/2097779958890521064?s=46,-,-,ragimali,,Salamence-Mega,Incineroar,Basculegion,Rillaboom,Sneasler,Kingambit,,MC36
MC35,tempo777's Salamence Floette Team,,tempo777,,,,Floettite,,,Salamencite,,,Sitrus Berry,,,Miracle Seed,,,White Herb,,,Life Orb,,https://pokepast.es/9fed7bfc061ad8bb,Yes,Extracted,✔,NR841LHXVR,10 Sep 2026,-,,https://x.com/tempo777/status/2097806393126293572?s=20,-,-,tempo777,,Floette-Eternal-Mega,Salamence-Mega,Incineroar,Rillaboom,Sneasler,Gholdengo,,MC35
MC34,pab's Salamence Floette Team,,pab,,,,Floettite,,,Salamencite,,,Life Orb,,,Miracle Seed,,,Grassy Seed,,,Focus Sash,,https://pokepast.es/d828bb9033a964a0,Yes,Extracted,✔,WC5SUN2MB4,9 Sep 2026,-,,https://x.com/pablogh651/status/2097758350918201383?s=46&t=WmXEnVa3rTSw0P9A0n6S3Q,-,-,pablogh651,,Floette-Eternal-Mega,Salamence-Mega,Basculegion,Rillaboom,Sneasler,Kingambit,,MC34
MC33,Desu's Gardevoir Volcarona Team,,Nico Davide Cognetta,,,,Gardevoirite,,,Sitrus Berry,,,Choice Scarf,,,Focus Sash,,,Psychic Seed,,,Colbur Berry,,https://pokepast.es/06af2abd81f9c34f,Yes,Extracted,✔,NMU2YLKG68,9 Sep 2026,-,,https://x.com/desuvgc/status/2097765161574474015?s=46&t=WmXEnVa3rTSw0P9A0n6S3Q,-,-,desuvgc,,Gardevoir-Mega,Volcarona,Basculegion,Aerodactyl,Sneasler,Indeedee-F,,MC33
MC32,Owen's Salamence Sand Team,,Owen,,,,Salamencite,,,Tyranitarite,,,Focus Sash,,,Psychic Seed,,,Choice Scarf,,,Life Orb,,https://pokepast.es/605ab0da3552400d,Yes,Extracted,✔,QLYBXTEE22,9 Sep 2026,-,,https://x.com/og_albina/status/2097728894665457997?s=46&t=WmXEnVa3rTSw0P9A0n6S3Q,-,-,og_albina,,Salamence-Mega,Tyranitar-Mega,Excadrill,Sneasler,Indeedee,Gholdengo,,MC32
MC31,Ling's Gardevoir Charizard-Y Team,,Ling,,,,Charizardite Y,,,Gardevoirite,,,Life Orb,,,Charcoal,,,Psychic Seed,,,Choice Scarf,,https://pokepast.es/3f69c70996bee484,Yes,Extracted,✔,X70LJN39KX,9 Sep 2026,-,,https://x.com/yukirinli0724j0/status/2097721035999334662?s=46&t=WmXEnVa3rTSw0P9A0n6S3Q,-,-,yukirinli0724j0,,Charizard-Mega-Y,Gardevoir-Mega,Incineroar,Torkoal,Indeedee-F,Garchomp,,MC31
MC30,Emir's Golisopod Kommo-o Team,,Emir Abdulovski,,,,Floettite,,,Golisopite,,,Sitrus Berry,,,Choice Scarf,,,Miracle Seed,,,Leftovers,,https://pokepast.es/89d44fbed6fc7143,Yes,Extracted,✔,NSHM408ED8,9 Sep 2026,-,,https://x.com/emirnent/status/2097730219272479202?s=46&t=WmXEnVa3rTSw0P9A0n6S3Q,-,-,emirnent,,Floette-Eternal-Mega,Golisopod-Mega,Incineroar,Basculegion,Rillaboom,Kommo-o,,MC30
MC29,cona's Staraptor Armarouge Team,,Hiroshi Onishi,,,,Golisopite,,,Staraptite,,,Life Orb,,,Focus Sash,,,White Herb,,,Psychic Seed,,https://pokepast.es/6b76ea3a9125afd1,Yes,Extracted,✔,AYEM7B94B4,9 Sep 2026,-,,https://x.com/cona_5757/status/2097722798970208548?s=46&t=WmXEnVa3rTSw0P9A0n6S3Q,-,-,cona_5757,,Golisopod-Mega,Staraptor-Mega,Armarouge,Basculegion,Sneasler,Indeedee-F,,MC29
MC28,beebee10222's Golisopod Indeedee-F Team,,beebee10222,,,,Golisopite,,,Life Orb,,,Sitrus Berry,,,Focus Sash,,,Psychic Seed,,,Choice Scarf,,https://pokepast.es/376176212f88e4cb,Yes,Extracted,✔,1P115WNFVN,9 Sep 2026,-,,https://x.com/beebee10222/status/2097714401017307381?s=46,-,-,beebee10222,,Golisopod-Mega,Basculegion,Pelipper,Glimmora,Indeedee-F,Hydreigon,,MC28
MC27,Argos' Golisopod Salazzle Team,,Argos,,,,Golisopite,,,Charcoal,,,Leftovers,,,Sitrus Berry,,,Never-Melt Ice,,,Choice Scarf,,https://pokepast.es/2015e49d83d81c82,Yes,Extracted,✔,82KKN0KR3X,9 Sep 2026,-,,https://x.com/riccardoggo/status/2097685194245312785?s=46,-,-,riccardoggo,,Golisopod-Mega,Salazzle,Milotic,Rillaboom,Ninetales-Alola,Hydreigon,,MC27
MC26,Tsuyu's Floette Gholdengo Team,,Seowon Kim,,,,Floettite,,,Salamencite,,,Sitrus Berry,,,Miracle Seed,,,White Herb,,,Life Orb,,https://pokepast.es/6f1b0e8df51cc57d,Yes,Extracted,✔,42P0DQ6YN6,9 Sep 2026,-,,https://x.com/tsuyuvgc/status/2097710612772229306?s=46,-,-,tsuyuvgc,,Floette-Eternal-Mega,Salamence-Mega,Incineroar,Rillaboom,Sneasler,Gholdengo,,MC26
MC25,homura_kurenai_'s Salamence Basculegion Team,,homura_kurenai_,,,,Floettite,,,Salamencite,,,Bright Powder,,,Choice Scarf,,,Miracle Seed,,,Life Orb,,https://pokepast.es/183a005c8a677937,Yes,Extracted,✔,R7TCSGXGPP,9 Sep 2026,-,,https://x.com/homura_kurenai_/status/2097707576335200693?s=46,-,-,homura_kurenai_,,Floette-Eternal-Mega,Salamence-Mega,Incineroar,Basculegion,Rillaboom,Kingambit,,MC25
MC24,U_DonPM's Armarouge Indeedee-F Team,,U_DonPM,,,,Salamencite,,,Tyranitarite,,,Focus Sash,,,Life Orb,,,White Herb,,,Colbur Berry,,https://pokepast.es/fdc2970699476b2c,Yes,Extracted,✔,XRT8JKBYJ4,9 Sep 2026,-,,https://x.com/don70016112/status/2097652873094181094?s=46,-,-,don70016112,,Salamence-Mega,Tyranitar-Mega,Armarouge,Excadrill,Sneasler,Indeedee-F,,MC24
MC23,Uch's Salamence Gholdengo Team,,Uch,,,,Floettite,,,Salamencite,,,Sitrus Berry,,,Miracle Seed,,,Focus Sash,,,Life Orb,,https://pokepast.es/33b3042210ffc178,Yes,Extracted,✔,ME57NV296N,9 Sep 2026,-,,https://x.com/mokomokouch/status/2097668949001613680?s=46,-,-,mokomokouch,,Floette-Eternal-Mega,Salamence-Mega,Incineroar,Rillaboom,Sneasler,Gholdengo,,MC23
MC22,PiyoLily145's Golisopod Rillaboom Team,,PiyoLily145,,,,Golisopite,,,Salamencite,,,Leftovers,,,Life Orb,,,Miracle Seed,,,Sitrus Berry,,https://pokepast.es/8e37c3b00cbba6b6,Yes,Extracted,✔,MAYNFW4V79,9 Sep 2026,-,,https://x.com/piyolily145/status/2097701546507272273?s=46,-,-,piyolily145,,Golisopod-Mega,Salamence-Mega,Incineroar,Basculegion,Rillaboom,Farigiraf,,MC22
MC21,gravity030's Salamence Delphox Team,,gravity030,,,,Delphoxite,,,Salamencite,,,Focus Sash,,,Life Orb,,,Chople Berry,,,Choice Scarf,,https://pokepast.es/2f512d91f56e0830,Yes,Extracted,✔,F7H4HCA3VN,9 Sep 2026,-,,https://x.com/gravity030/status/2097687511426560199?s=46,-,-,gravity030,,Delphox-Mega,Salamence-Mega,Glimmora,Whimsicott,Kingambit,Garchomp,,MC21
MC20,WyatVGC's Salamence Kingambit Team,,Wyatt McDonald,,,,Floettite,,,Salamencite,,,Sitrus Berry,,,Miracle Seed,,,Grassy Seed,,,Chople Berry,,https://pokepast.es/5b9fae64b204f805,Yes,Extracted,✔,4FDTHFE83V,9 Sep 2026,-,,https://x.com/wyatvgc/status/2097699878990389250?s=46,-,-,wyatvgc,,Floette-Eternal-Mega,Salamence-Mega,Incineroar,Rillaboom,Sneasler,Kingambit,,MC20
MC19,indigo_telecas' Charizard-Y Sylveon Team,,indigo_telecas,,,,Charizardite Y,,,Salamencite,,,Focus Sash,,,Miracle Seed,,,Grassy Seed,,,Fairy Feather,,https://pokepast.es/d7be7226c71f3624,Yes,Extracted,X,None,9 Sep 2026,-,,https://x.com/indigo_telecas/status/2097613665579180339?s=46,-,-,indigo_telecas,,Charizard-Mega-Y,Salamence-Mega,Basculegion,Rillaboom,Sneasler,Sylveon,,MC19
MC18,Elise's Salamence Rillaboom Team,,Naoyuki Matsuhashi,,,,Floettite,,,Salamencite,,,Sitrus Berry,,,Life Orb,,,Occa Berry,,,Grassy Seed,,https://pokepast.es/0071e895c381dd1c,Yes,Extracted,✔,MS5HHGYW2K,9 Sep 2026,-,,https://x.com/eripompudding/status/2097678820140868014?s=46,-,-,eripompudding,,Floette-Eternal-Mega,Salamence-Mega,Incineroar,Basculegion,Rillaboom,Sneasler,,MC18
MC17,Apex__Dragon's Floette Rillaboom Team,,Apex__Dragon,,,,Floettite,,,Salamencite,,,Life Orb,,,Miracle Seed,,,Focus Sash,,,Chople Berry,,https://pokepast.es/89faa497014b5641,Yes,Extracted,✔,2ELKCGFLT9,9 Sep 2026,-,,https://x.com/apex__dragon/status/2097656794906828924?s=46,-,-,apex__dragon,,Floette-Eternal-Mega,Salamence-Mega,Basculegion,Rillaboom,Sneasler,Kingambit,,MC17
MC16,rioreumi's Salamence Torkoal Team,,rioreumi,,,,Golisopite,,,Salamencite,,,Charcoal,,,Life Orb,,,Focus Sash,,,Sitrus Berry,,https://pokepast.es/07e91402b74462ef,Yes,Extracted,✔,KF5PSWX862,9 Sep 2026,-,,https://x.com/rioreumi/status/2097648821216145702?s=46,-,-,rioreumi,,Golisopod-Mega,Salamence-Mega,Torkoal,Rillaboom,Sneasler,Farigiraf,,MC16
MC15,metalderk's Baxcalibur Golisopod Team,,metalderk,,,,Baxcalibrite,,,Golisopite,,,Chople Berry,,,Sitrus Berry,,,White Herb,,,Colbur Berry,,https://pokepast.es/132a77c04c372fbe,Yes,Extracted,✔,LT6EMR54YS,9 Sep 2026,-,,https://x.com/derkpkmn/status/2097623737059152093?s=46,https://youtu.be/PauOp_mi3hc?si=yoZa9XsQW7m9tNfr,-,derkpkmn,,Baxcalibur-Mega,Golisopod-Mega,Incineroar,Pelipper,Sneasler,Farigiraf,,MC15
MC14,Sahil's Golisopod Charizard-Y Team,,Sahil,,,,Charizardite Y,,,Golisopite,,,Charcoal,,,Psychic Seed,,,Sitrus Berry,,,Life Orb,,https://pokepast.es/b70d72f44626b60d,Yes,Extracted,✔,LQ9WRH3FVL,9 Sep 2026,-,,https://x.com/shaikhvgc786/status/2097614551009378309?s=46,-,-,shaikhvgc786,,Charizard-Mega-Y,Golisopod-Mega,Torkoal,Indeedee-F,Farigiraf,Hatterene,,MC14
MC13,Elm's Baxcalibur Floette Team,,Motochika Nabeshima,,,,Baxcalibrite,,,Floettite,,,Chople Berry,,,Life Orb,,,Sitrus Berry,,,Grassy Seed,,https://pokepast.es/5268ba8166d67ebf,Yes,Extracted,✔,0GFR19MANX,9 Sep 2026,-,,https://x.com/elm_motochika/status/2097640438891229519?s=20,-,-,elm_motochika,,Baxcalibur-Mega,Floette-Eternal-Mega,Incineroar,Basculegion,Rillaboom,Sneasler,,MC13
MC12,Xena's Gardevoir Typhlosion-Hisui Team,,Xena,,,,Gardevoirite,,,Salamencite,,,Charcoal,,,Choice Scarf,,,Focus Sash,,,Wide Lens,,https://pokepast.es/666b7365ce0b35f6,Yes,Extracted,✔,2CEKEHREVC,9 Sep 2026,-,,https://x.com/Xenagaming248/status/2097633598774075893?s=20,-,-,Xenagaming248,,Gardevoir-Mega,Salamence-Mega,Torkoal,Typhlosion-Hisui,Sneasler,Indeedee-F,,MC12
MC11,Panda's Salamence Tailwind Team,,Justin Tang,,,,Floettite,,,Salamencite,,,Life Orb,,,Focus Sash,,,Chople Berry,,,Choice Scarf,,https://pokepast.es/fe12c887687cf59c,Yes,Owner's,X,None,9 Sep 2026,Video,,https://www.youtube.com/watch?v=S5AmwjTifdQ,-,-,unironicpanda,,Floette-Eternal-Mega,Salamence-Mega,Basculegion,Sneasler,Kingambit,Garchomp,,MC11
MC10,Panda's Terrain Pulse Blastoise Team,,Justin Tang,,,,Blastoisinite,,,Floettite,,,Sitrus Berry,,,Miracle Seed,,,Grassy Seed,,,Rocky Helmet,,https://pokepast.es/81427a109e744097,Yes,Owner's,X,None,9 Sep 2026,Video,,https://www.youtube.com/watch?v=S5AmwjTifdQ,-,-,unironicpanda,,Blastoise-Mega,Floette-Eternal-Mega,Incineroar,Rillaboom,Sneasler,Indeedee-F,,MC10
MC9,Panda's Coaching Baxcalibur Team,,Justin Tang,,,,Baxcalibrite,,,Froslassite,,,Life Orb,,,Miracle Seed,,,Focus Sash,,,Black Glasses,,https://pokepast.es/b4465e52a2df6d1e,Yes,Owner's,X,None,9 Sep 2026,Video,,https://www.youtube.com/watch?v=S5AmwjTifdQ,-,-,unironicpanda,,Baxcalibur-Mega,Froslass-Mega,Basculegion,Rillaboom,Sneasler,Kingambit,,MC9
MC8,Panda's Hatterene Trick Room Team,,Justin Tang,,,,Charizardite Y,,,White Herb,,,Charcoal,,,Rocky Helmet,,,Sitrus Berry,,,Life Orb,,https://pokepast.es/7b073199fc857b04,Yes,Owner's,X,None,9 Sep 2026,Video,,https://www.youtube.com/watch?v=S5AmwjTifdQ,-,-,unironicpanda,,Charizard-Mega-Y,Incineroar,Torkoal,Indeedee-F,Farigiraf,Hatterene,,MC8
MC7,Panda's Gardevoir Psyspam Team,,Justin Tang,,,,Charizardite Y,,,Gardevoirite,,,Choice Scarf,,,Focus Sash,,,Psychic Seed,,,Colbur Berry,,https://pokepast.es/e6497a1a671dac90,Yes,Owner's,X,None,9 Sep 2026,Video,,https://www.youtube.com/watch?v=S5AmwjTifdQ,-,-,unironicpanda,,Charizard-Mega-Y,Gardevoir-Mega,Basculegion,Venusaur,Sneasler,Indeedee-F,,MC7
MC6,Panda's Psyspam Sand Team,,Justin Tang,,,,Tyranitarite,,,Focus Sash,,,Psychic Seed,,,Choice Scarf,,,Leftovers,,,Haban Berry,,https://pokepast.es/056e780a38dac900,Yes,Owner's,X,None,9 Sep 2026,Video,,https://www.youtube.com/watch?v=S5AmwjTifdQ,-,-,unironicpanda,,Tyranitar-Mega,Excadrill,Sneasler,Indeedee,Corviknight,Hydreigon,,MC6
MC5,koyuki's Salamence Sneasler Team,,koyuki,,,,Floettite,,,Salamencite,,,Sitrus Berry,,,Life Orb,,,Miracle Seed,,,Focus Sash,,https://pokepast.es/8f4c2600a4a63a90,Yes,Extracted,✔,37GME3HHVL,9 Sep 2026,-,,https://x.com/yuki_pkmon/status/2097617964724048275?s=20,-,-,yuki_pkmon,,Floette-Eternal-Mega,Salamence-Mega,Incineroar,Basculegion,Rillaboom,Sneasler,,MC5
MC4,Kurotama's Golisopod Tyranitar Team,,Ryosuke Hamasato,,,,Golisopite,,,Tyranitarite,,,Sitrus Berry,,,Leftovers,,,White Herb,,,Colbur Berry,,https://pokepast.es/243c449b24b74266,Yes,Extracted,✔,JY0YN6MLE6,9 Sep 2026,-,,https://x.com/bale_tottenham/status/2097617868859068485?s=46,-,-,bale_tottenham,,Golisopod-Mega,Tyranitar-Mega,Incineroar,Milotic,Sneasler,Sinistcha,,MC4
MC3,ausma's Golisopod Rain Team,,ausma,,,,Golisopite,,,Choice Scarf,,,Sitrus Berry,,,Focus Sash,,,Kasib Berry,,,Leftovers,,https://pokepast.es/40e7b4f7469d52ae,Yes,Extracted,✔,7CS28A03AE,9 Sep 2026,-,,https://x.com/ausmacon/status/2097600958645620778?s=46,-,-,ausmacon,,Golisopod-Mega,Basculegion,Politoed,Lycanroc-Dusk,Sinistcha,Archaludon,,MC3
MC2,garganaci's Salamence Floette Team,,garganaci,,,,Floettite,,,Salamencite,,,Life Orb,,,Miracle Seed,,,Grassy Seed,,,Focus Sash,,https://pokepast.es/d7c70dff2bd9f5cf,Yes,Extracted,✔,6D7MH3RT8D,9 Sep 2026,-,,https://x.com/garganaci/status/2097591998723313852?s=46,-,-,garganaci,,Floette-Eternal-Mega,Salamence-Mega,Basculegion,Rillaboom,Sneasler,Kingambit,,MC2
MC1,Shmon's Gardevoir Gallade Team,,Simon Van Der Borght,,,,Gardevoirite,,,Charcoal,,,Choice Scarf,,,White Herb,,,Colbur Berry,,,Life Orb,,https://pokepast.es/f088ca02dfea05be,Yes,Extracted,✔,JACB614WLG,9 Sep 2026,-,,https://x.com/shmonstah/status/2097603174928449566?s=46,-,-,shmonstah,,Gardevoir-Mega,Torkoal,Basculegion,Gallade,Indeedee-F,Hatterene,,MC1